Score_ID,Customer_ID,Score_Value,Risk_Band,Model_Version,Decision
1,1,789,Low,v1,Reject
2,2,612,High,v2,Approve
3,3,561,High,v1,Approve
4,4,719,Medium,v2,Reject
5,5,837,Medium,v1,Approve
6,6,347,High,v2,Approve
7,7,644,Medium,v2,Approve
8,8,705,Medium,v1,Approve
9,9,789,Medium,v2,Approve
10,10,494,Low,v2,Reject
11,11,339,Low,v2,Reject
12,12,644,Medium,v2,Reject
13,13,721,Medium,v1,Reject
14,14,343,Low,v1,Reject
15,15,626,Low,v2,Reject
16,16,728,Low,v1,Reject
17,17,538,Medium,v2,Approve
18,18,457,High,v2,Reject
19,19,791,Low,v2,Approve
20,20,511,Low,v2,Approve
21,21,483,Low,v2,Reject
22,22,390,Medium,v1,Reject
23,23,588,Medium,v2,Reject
24,24,380,Medium,v2,Reject
25,25,650,Low,v2,Approve
26,26,396,Medium,v2,Reject
27,27,494,Medium,v2,Approve
28,28,811,Medium,v2,Approve
29,29,492,Medium,v2,Reject
30,30,380,Medium,v2,Reject
31,31,823,High,v2,Approve
32,32,307,Low,v2,Reject
33,33,587,Medium,v1,Approve
34,34,377,High,v2,Approve
35,35,361,Low,v2,Approve
36,36,651,Medium,v1,Reject
37,37,376,Low,v1,Approve
38,38,800,Low,v1,Approve
39,39,482,High,v2,Reject
40,40,341,Low,v2,Approve
41,41,828,Medium,v2,Reject
42,42,462,High,v1,Approve
43,43,645,Medium,v1,Reject
44,44,771,Medium,v2,Reject
45,45,482,Medium,v2,Reject
46,46,438,Medium,v2,Reject
47,47,753,Low,v1,Reject
48,48,480,Medium,v1,Reject
49,49,704,High,v1,Approve
50,50,351,Low,v2,Approve
51,51,571,Low,v2,Approve
52,52,777,Low,v2,Reject
53,53,804,Low,v1,Approve
54,54,533,Medium,v1,Reject
55,55,416,High,v2,Approve
56,56,626,Low,v1,Reject
57,57,422,High,v2,Reject
58,58,659,Medium,v1,Reject
59,59,487,High,v2,Approve
60,60,745,Low,v1,Approve
61,61,354,High,v2,Approve
62,62,767,Medium,v2,Reject
63,63,490,Low,v1,Reject
64,64,315,Medium,v2,Reject
65,65,490,Medium,v2,Reject
66,66,673,High,v1,Reject
67,67,762,Low,v1,Approve
68,68,331,Low,v1,Approve
69,69,514,High,v2,Reject
70,70,445,Low,v2,Reject
71,71,483,High,v1,Approve
72,72,640,Medium,v1,Approve
73,73,535,High,v1,Reject
74,74,642,Low,v1,Reject
75,75,320,High,v1,Approve
76,76,416,Medium,v1,Approve
77,77,312,High,v2,Reject
78,78,518,Low,v1,Approve
79,79,800,Medium,v1,Reject
80,80,342,Low,v1,Approve
81,81,417,Low,v2,Approve
82,82,664,High,v2,Approve
83,83,326,Low,v2,Reject
84,84,559,Low,v2,Approve
85,85,624,High,v2,Approve
86,86,338,High,v2,Reject
87,87,402,Low,v1,Reject
88,88,716,Low,v2,Reject
89,89,825,Low,v1,Approve
90,90,815,Low,v1,Approve
91,91,558,Medium,v1,Approve
92,92,415,Low,v2,Approve
93,93,488,Low,v1,Approve
94,94,738,High,v2,Reject
95,95,628,High,v1,Approve
96,96,805,Medium,v1,Approve
97,97,405,Low,v2,Approve
98,98,392,Low,v2,Approve
99,99,699,High,v1,Reject
100,100,669,Low,v2,Approve
101,101,450,High,v2,Reject
102,102,803,Medium,v2,Reject
103,103,644,High,v2,Reject
104,104,320,Medium,v1,Reject
105,105,567,Low,v2,Approve
106,106,437,Low,v1,Approve
107,107,811,Medium,v1,Reject
108,108,536,High,v2,Approve
109,109,598,Medium,v1,Approve
110,110,809,Medium,v2,Approve
111,111,557,Low,v1,Reject
112,112,424,Low,v2,Approve
113,113,779,High,v1,Approve
114,114,638,Low,v1,Reject
115,115,591,Low,v1,Reject
116,116,487,Medium,v2,Approve
117,117,448,Low,v2,Approve
118,118,832,Medium,v2,Reject
119,119,373,Medium,v1,Reject
120,120,699,Medium,v2,Reject
121,121,546,High,v2,Approve
122,122,512,High,v1,Approve
123,123,619,Medium,v1,Reject
124,124,651,Low,v1,Approve
125,125,392,Low,v2,Reject
126,126,469,Medium,v2,Approve
127,127,646,Low,v1,Reject
128,128,818,Medium,v1,Approve
129,129,404,Low,v1,Reject
130,130,711,Medium,v1,Reject
131,131,300,Low,v2,Approve
132,132,760,Medium,v1,Reject
133,133,842,Low,v2,Reject
134,134,638,Medium,v1,Approve
135,135,575,High,v1,Approve
136,136,508,High,v1,Approve
137,137,738,Medium,v2,Approve
138,138,549,Low,v1,Approve
139,139,466,Low,v2,Reject
140,140,688,High,v2,Reject
141,141,468,Medium,v1,Approve
142,142,601,Low,v2,Approve
143,143,721,Low,v1,Reject
144,144,580,Medium,v2,Approve
145,145,778,Low,v1,Approve
146,146,640,High,v2,Reject
147,147,656,High,v2,Approve
148,148,569,Low,v2,Reject
149,149,408,Low,v1,Reject
150,150,810,Low,v2,Approve
151,151,469,High,v1,Reject
152,152,781,Medium,v1,Approve
153,153,676,High,v1,Reject
154,154,401,Medium,v2,Approve
155,155,373,High,v2,Reject
156,156,687,Low,v1,Approve
157,157,565,Medium,v1,Reject
158,158,782,Medium,v2,Reject
159,159,730,Medium,v2,Approve
160,160,629,High,v2,Approve
161,161,521,Medium,v1,Approve
162,162,693,High,v1,Reject
163,163,802,High,v2,Reject
164,164,674,Medium,v1,Reject
165,165,486,Medium,v1,Reject
166,166,621,High,v1,Approve
167,167,648,Low,v2,Reject
168,168,478,High,v2,Approve
169,169,719,High,v1,Reject
170,170,620,High,v2,Reject
171,171,517,High,v2,Approve
172,172,347,High,v1,Approve
173,173,589,Low,v2,Approve
174,174,515,Medium,v1,Approve
175,175,492,Low,v2,Approve
176,176,642,Low,v1,Approve
177,177,634,Medium,v1,Approve
178,178,507,High,v1,Reject
179,179,420,Medium,v2,Approve
180,180,737,Low,v2,Approve
181,181,823,Medium,v2,Reject
182,182,381,High,v1,Reject
183,183,760,Medium,v2,Approve
184,184,814,Medium,v2,Approve
185,185,722,High,v2,Reject
186,186,658,Low,v1,Reject
187,187,599,High,v1,Reject
188,188,352,Medium,v2,Approve
189,189,347,Medium,v1,Approve
190,190,623,Medium,v2,Reject
191,191,670,High,v2,Approve
192,192,586,Low,v1,Reject
193,193,353,High,v1,Reject
194,194,590,High,v2,Reject
195,195,444,Medium,v2,Reject
196,196,803,Medium,v2,Reject
197,197,742,Medium,v1,Approve
198,198,412,Medium,v1,Reject
199,199,342,High,v1,Approve
200,200,780,High,v2,Reject
201,201,402,Low,v2,Reject
202,202,461,High,v2,Approve
203,203,683,Low,v2,Reject
204,204,514,Medium,v2,Approve
205,205,364,Low,v2,Reject
206,206,424,Low,v1,Reject
207,207,776,High,v1,Reject
208,208,692,Medium,v2,Reject
209,209,625,Medium,v1,Reject
210,210,443,Medium,v1,Approve
211,211,645,High,v1,Reject
212,212,407,Low,v2,Approve
213,213,479,Medium,v1,Reject
214,214,347,High,v1,Reject
215,215,361,Medium,v1,Approve
216,216,757,High,v2,Approve
217,217,663,Medium,v2,Reject
218,218,311,High,v1,Reject
219,219,555,High,v1,Approve
220,220,344,Low,v2,Approve
221,221,699,Medium,v2,Approve
222,222,798,Medium,v1,Approve
223,223,768,Medium,v1,Approve
224,224,456,High,v1,Reject
225,225,617,Medium,v1,Reject
226,226,302,High,v1,Approve
227,227,390,Medium,v1,Reject
228,228,556,Medium,v1,Approve
229,229,317,High,v2,Reject
230,230,797,Medium,v2,Reject
231,231,679,Low,v2,Reject
232,232,571,Low,v1,Reject
233,233,707,Low,v2,Approve
234,234,375,High,v2,Reject
235,235,699,High,v2,Approve
236,236,407,Medium,v1,Reject
237,237,741,High,v1,Approve
238,238,636,High,v1,Reject
239,239,749,Medium,v2,Reject
240,240,367,Medium,v2,Approve
241,241,519,High,v1,Approve
242,242,540,Low,v1,Approve
243,243,558,Medium,v1,Reject
244,244,676,Low,v1,Approve
245,245,478,High,v1,Approve
246,246,338,High,v2,Reject
247,247,666,High,v1,Approve
248,248,311,High,v1,Approve
249,249,302,High,v2,Reject
250,250,549,Medium,v1,Reject
251,251,552,High,v2,Reject
252,252,830,High,v1,Reject
253,253,724,Low,v1,Approve
254,254,445,Medium,v1,Approve
255,255,715,High,v2,Reject
256,256,621,Medium,v1,Approve
257,257,767,High,v1,Approve
258,258,396,Medium,v2,Approve
259,259,515,Low,v2,Reject
260,260,458,Low,v1,Reject
261,261,486,High,v2,Approve
262,262,580,Low,v1,Approve
263,263,665,Low,v1,Reject
264,264,335,High,v2,Approve
265,265,687,Low,v2,Reject
266,266,446,Low,v2,Approve
267,267,711,Medium,v2,Reject
268,268,720,Low,v2,Reject
269,269,355,High,v2,Approve
270,270,341,Medium,v2,Reject
271,271,844,Medium,v2,Reject
272,272,797,Low,v2,Approve
273,273,597,Medium,v2,Reject
274,274,455,High,v2,Reject
275,275,825,High,v1,Reject
276,276,682,Low,v1,Reject
277,277,574,Low,v1,Approve
278,278,733,High,v2,Reject
279,279,536,Low,v1,Reject
280,280,639,High,v2,Reject
281,281,620,High,v2,Reject
282,282,440,High,v1,Approve
283,283,701,Medium,v2,Reject
284,284,413,Low,v2,Reject
285,285,568,Medium,v1,Reject
286,286,672,Medium,v1,Reject
287,287,747,Medium,v1,Reject
288,288,567,High,v2,Approve
289,289,686,High,v1,Approve
290,290,697,High,v1,Reject
291,291,443,Medium,v1,Reject
292,292,801,Low,v2,Approve
293,293,566,High,v2,Approve
294,294,734,Low,v1,Approve
295,295,563,Medium,v1,Reject
296,296,794,High,v1,Approve
297,297,459,High,v1,Reject
298,298,512,High,v1,Reject
299,299,697,High,v1,Approve
300,300,453,Medium,v2,Approve
301,301,709,High,v2,Reject
302,302,770,Medium,v2,Approve
303,303,810,High,v1,Approve
304,304,775,Low,v1,Approve
305,305,694,High,v2,Approve
306,306,822,Medium,v2,Reject
307,307,508,Low,v2,Approve
308,308,569,Medium,v1,Approve
309,309,357,Medium,v2,Reject
310,310,372,Medium,v1,Approve
311,311,490,Medium,v1,Reject
312,312,441,Medium,v2,Approve
313,313,548,High,v1,Approve
314,314,682,Medium,v2,Approve
315,315,762,Medium,v1,Reject
316,316,439,High,v1,Approve
317,317,724,Medium,v2,Approve
318,318,742,Medium,v2,Approve
319,319,705,Low,v2,Approve
320,320,357,Low,v2,Reject
321,321,401,High,v2,Reject
322,322,426,Medium,v1,Reject
323,323,651,High,v1,Reject
324,324,691,Low,v1,Reject
325,325,730,Medium,v2,Approve
326,326,410,Low,v1,Approve
327,327,459,High,v1,Approve
328,328,405,Low,v1,Reject
329,329,589,High,v1,Reject
330,330,647,High,v2,Approve
331,331,762,High,v1,Approve
332,332,840,High,v1,Reject
333,333,737,Low,v1,Approve
334,334,340,Low,v1,Reject
335,335,419,High,v1,Reject
336,336,418,High,v1,Reject
337,337,764,Low,v1,Reject
338,338,355,Low,v2,Approve
339,339,473,High,v1,Reject
340,340,460,High,v1,Approve
341,341,421,Low,v2,Reject
342,342,849,Medium,v2,Reject
343,343,661,Medium,v1,Reject
344,344,832,Medium,v1,Approve
345,345,658,Medium,v2,Reject
346,346,481,High,v1,Reject
347,347,712,Medium,v1,Reject
348,348,780,Medium,v2,Approve
349,349,645,Medium,v1,Approve
350,350,318,High,v2,Reject
351,351,551,Medium,v1,Reject
352,352,795,High,v1,Reject
353,353,836,High,v1,Reject
354,354,601,High,v1,Approve
355,355,780,High,v2,Approve
356,356,467,Medium,v1,Reject
357,357,650,High,v1,Reject
358,358,761,Medium,v1,Reject
359,359,591,Medium,v2,Approve
360,360,360,Medium,v1,Approve
361,361,532,Medium,v1,Reject
362,362,745,Low,v2,Reject
363,363,342,High,v2,Reject
364,364,748,High,v2,Reject
365,365,798,High,v1,Reject
366,366,411,Medium,v1,Reject
367,367,539,Low,v1,Reject
368,368,786,Medium,v2,Reject
369,369,686,Low,v1,Approve
370,370,527,High,v2,Reject
371,371,565,High,v1,Approve
372,372,766,High,v2,Reject
373,373,306,Medium,v2,Reject
374,374,846,Medium,v2,Reject
375,375,708,High,v1,Approve
376,376,383,Medium,v1,Approve
377,377,518,Medium,v2,Reject
378,378,528,High,v2,Approve
379,379,684,Medium,v2,Reject
380,380,602,Low,v1,Reject
381,381,586,Medium,v2,Reject
382,382,794,Medium,v1,Reject
383,383,652,Medium,v1,Approve
384,384,665,Medium,v2,Approve
385,385,621,Low,v2,Reject
386,386,380,Low,v2,Reject
387,387,677,High,v1,Reject
388,388,336,High,v1,Approve
389,389,752,High,v2,Approve
390,390,441,Medium,v2,Reject
391,391,606,Low,v1,Approve
392,392,330,Medium,v1,Approve
393,393,386,Medium,v2,Reject
394,394,647,Medium,v2,Approve
395,395,329,High,v2,Reject
396,396,755,Medium,v1,Reject
397,397,782,Low,v2,Reject
398,398,361,Medium,v1,Approve
399,399,658,Low,v1,Reject
400,400,589,Low,v2,Approve
401,401,793,High,v2,Approve
402,402,475,Low,v1,Reject
403,403,352,Medium,v2,Reject
404,404,423,Low,v1,Approve
405,405,306,Low,v1,Approve
406,406,717,Low,v2,Approve
407,407,549,Low,v2,Approve
408,408,731,Medium,v1,Approve
409,409,771,High,v1,Reject
410,410,346,High,v1,Reject
411,411,712,Low,v1,Approve
412,412,576,High,v2,Reject
413,413,349,Medium,v2,Approve
414,414,649,High,v2,Reject
415,415,757,Low,v1,Reject
416,416,539,High,v2,Reject
417,417,681,High,v2,Reject
418,418,610,Low,v2,Approve
419,419,763,Low,v2,Approve
420,420,702,Medium,v2,Approve
421,421,320,Low,v1,Approve
422,422,773,High,v1,Approve
423,423,516,Medium,v1,Reject
424,424,723,Low,v2,Reject
425,425,720,Medium,v1,Reject
426,426,720,High,v2,Approve
427,427,653,Medium,v1,Reject
428,428,460,Medium,v1,Reject
429,429,591,Low,v1,Reject
430,430,793,High,v1,Approve
431,431,471,High,v2,Reject
432,432,596,High,v1,Approve
433,433,707,Medium,v1,Reject
434,434,526,Low,v2,Reject
435,435,426,High,v1,Reject
436,436,581,Low,v2,Approve
437,437,345,Medium,v1,Approve
438,438,712,High,v1,Approve
439,439,641,High,v1,Reject
440,440,359,Low,v2,Approve
441,441,637,Low,v1,Approve
442,442,528,High,v2,Approve
443,443,350,Low,v2,Approve
444,444,745,Low,v1,Reject
445,445,583,High,v2,Approve
446,446,421,Low,v2,Reject
447,447,422,Low,v2,Approve
448,448,362,Medium,v1,Reject
449,449,534,High,v2,Reject
450,450,315,Low,v2,Reject
451,451,837,Low,v2,Approve
452,452,796,High,v1,Reject
453,453,447,Low,v1,Approve
454,454,538,Medium,v2,Reject
455,455,454,Low,v2,Reject
456,456,598,Medium,v1,Reject
457,457,521,Medium,v2,Reject
458,458,602,Medium,v1,Approve
459,459,777,High,v1,Approve
460,460,819,Medium,v1,Reject
461,461,692,Low,v2,Reject
462,462,695,Medium,v1,Approve
463,463,370,Low,v2,Approve
464,464,531,Low,v1,Reject
465,465,611,High,v1,Reject
466,466,697,Low,v1,Approve
467,467,389,Medium,v2,Approve
468,468,316,High,v1,Reject
469,469,754,Medium,v1,Reject
470,470,371,High,v1,Reject
471,471,716,Medium,v2,Reject
472,472,559,Low,v2,Reject
473,473,573,Low,v1,Approve
474,474,595,High,v1,Approve
475,475,790,Medium,v1,Approve
476,476,435,High,v1,Approve
477,477,311,Low,v1,Reject
478,478,338,High,v1,Approve
479,479,331,Medium,v2,Reject
480,480,630,Low,v1,Approve
481,481,447,Low,v1,Reject
482,482,655,Low,v2,Approve
483,483,830,High,v2,Reject
484,484,557,Low,v1,Approve
485,485,671,Low,v1,Approve
486,486,839,Low,v1,Approve
487,487,797,Low,v1,Approve
488,488,574,High,v2,Approve
489,489,567,High,v1,Approve
490,490,500,Low,v1,Approve
491,491,535,Medium,v1,Reject
492,492,428,Low,v1,Reject
493,493,833,Low,v2,Approve
494,494,738,Medium,v2,Approve
495,495,314,Medium,v2,Approve
496,496,452,Medium,v1,Approve
497,497,402,High,v2,Approve
498,498,681,Medium,v1,Approve
499,499,483,Low,v1,Reject
500,500,547,High,v2,Reject
501,501,810,Low,v1,Approve
502,502,366,Medium,v2,Approve
503,503,712,Low,v2,Reject
504,504,601,Medium,v2,Approve
505,505,400,High,v1,Approve
506,506,421,High,v2,Reject
507,507,443,Medium,v1,Reject
508,508,588,Low,v1,Approve
509,509,374,Medium,v1,Approve
510,510,486,Low,v1,Approve
511,511,434,Medium,v1,Approve
512,512,545,Low,v1,Reject
513,513,700,High,v2,Approve
514,514,617,Low,v2,Approve
515,515,758,Low,v1,Approve
516,516,547,Low,v2,Approve
517,517,387,Medium,v2,Approve
518,518,808,Low,v1,Reject
519,519,447,Medium,v1,Approve
520,520,848,Low,v1,Reject
521,521,690,High,v1,Reject
522,522,451,Medium,v1,Reject
523,523,618,Medium,v1,Approve
524,524,491,High,v1,Reject
525,525,354,High,v2,Reject
526,526,448,High,v1,Approve
527,527,385,Low,v2,Reject
528,528,316,High,v1,Approve
529,529,549,Low,v2,Approve
530,530,496,Low,v2,Reject
531,531,365,Low,v1,Reject
532,532,639,Low,v2,Approve
533,533,810,Medium,v1,Approve
534,534,721,Medium,v1,Approve
535,535,490,Medium,v1,Reject
536,536,758,Low,v2,Reject
537,537,825,High,v2,Approve
538,538,457,Low,v2,Reject
539,539,790,High,v2,Approve
540,540,806,Low,v2,Approve
541,541,751,High,v1,Reject
542,542,739,Low,v2,Approve
543,543,476,Medium,v2,Reject
544,544,668,High,v2,Approve
545,545,449,Medium,v2,Approve
546,546,368,Low,v1,Reject
547,547,392,Medium,v1,Reject
548,548,676,High,v1,Approve
549,549,439,High,v2,Approve
550,550,464,High,v1,Reject
551,551,308,Medium,v2,Approve
552,552,562,High,v2,Reject
553,553,620,Medium,v1,Approve
554,554,545,Medium,v2,Reject
555,555,518,High,v2,Approve
556,556,820,Medium,v2,Approve
557,557,674,Medium,v1,Approve
558,558,688,Low,v2,Approve
559,559,476,Medium,v1,Approve
560,560,343,High,v2,Approve
561,561,761,Low,v1,Approve
562,562,500,High,v1,Reject
563,563,709,Low,v2,Approve
564,564,813,Low,v2,Reject
565,565,764,Low,v2,Reject
566,566,634,High,v2,Reject
567,567,765,Low,v1,Reject
568,568,701,Medium,v2,Approve
569,569,823,Low,v2,Reject
570,570,331,Medium,v2,Reject
571,571,388,Medium,v2,Approve
572,572,803,Low,v1,Approve
573,573,503,Medium,v1,Reject
574,574,809,Low,v1,Approve
575,575,711,Low,v1,Approve
576,576,355,High,v1,Reject
577,577,416,Low,v1,Reject
578,578,512,Low,v1,Approve
579,579,479,Medium,v2,Reject
580,580,648,Medium,v1,Approve
581,581,832,Low,v1,Reject
582,582,368,Medium,v1,Reject
583,583,503,Low,v1,Reject
584,584,521,Medium,v2,Approve
585,585,323,Low,v2,Approve
586,586,429,High,v2,Approve
587,587,769,Low,v2,Approve
588,588,449,Low,v1,Reject
589,589,368,Medium,v1,Approve
590,590,584,High,v1,Reject
591,591,522,Low,v2,Reject
592,592,461,High,v2,Reject
593,593,648,Medium,v1,Reject
594,594,824,Low,v1,Approve
595,595,400,Medium,v1,Reject
596,596,311,Low,v1,Approve
597,597,698,Low,v2,Reject
598,598,578,High,v1,Reject
599,599,300,Low,v1,Approve
600,600,359,Medium,v1,Reject
601,601,784,Low,v2,Approve
602,602,455,Low,v1,Approve
603,603,699,Low,v2,Approve
604,604,474,High,v2,Reject
605,605,390,Low,v1,Reject
606,606,375,Low,v2,Approve
607,607,427,High,v1,Approve
608,608,338,High,v2,Reject
609,609,472,High,v1,Approve
610,610,694,High,v1,Reject
611,611,601,High,v1,Approve
612,612,841,High,v1,Reject
613,613,548,Medium,v2,Reject
614,614,661,Medium,v2,Reject
615,615,827,Medium,v2,Reject
616,616,455,Medium,v2,Reject
617,617,328,Medium,v1,Approve
618,618,472,High,v2,Reject
619,619,353,Medium,v1,Reject
620,620,597,High,v2,Approve
621,621,652,High,v1,Reject
622,622,541,Medium,v1,Approve
623,623,418,Low,v2,Reject
624,624,772,Low,v2,Approve
625,625,833,Medium,v2,Reject
626,626,727,Medium,v1,Reject
627,627,385,Low,v2,Reject
628,628,846,Low,v1,Reject
629,629,659,Medium,v2,Approve
630,630,808,Low,v2,Approve
631,631,498,High,v1,Approve
632,632,836,Low,v1,Reject
633,633,752,Low,v1,Reject
634,634,358,Medium,v1,Reject
635,635,776,High,v2,Reject
636,636,708,High,v2,Reject
637,637,811,Low,v2,Approve
638,638,782,High,v1,Approve
639,639,759,Low,v1,Approve
640,640,533,High,v1,Reject
641,641,677,Medium,v2,Approve
642,642,457,Low,v2,Approve
643,643,836,Low,v2,Reject
644,644,528,Low,v1,Approve
645,645,634,Medium,v2,Reject
646,646,828,High,v2,Reject
647,647,723,Medium,v2,Reject
648,648,784,High,v2,Reject
649,649,466,Low,v2,Approve
650,650,725,Low,v1,Reject
651,651,408,High,v2,Approve
652,652,403,High,v2,Approve
653,653,325,High,v1,Approve
654,654,458,Low,v2,Reject
655,655,793,Medium,v2,Approve
656,656,548,High,v1,Reject
657,657,731,High,v1,Reject
658,658,828,Low,v2,Reject
659,659,465,High,v1,Reject
660,660,741,Low,v1,Reject
661,661,393,Medium,v1,Approve
662,662,717,Low,v1,Approve
663,663,811,Medium,v1,Reject
664,664,819,Medium,v2,Approve
665,665,708,High,v1,Reject
666,666,333,Low,v2,Reject
667,667,760,Medium,v2,Reject
668,668,503,High,v1,Approve
669,669,725,High,v2,Approve
670,670,464,High,v2,Reject
671,671,448,Low,v2,Approve
672,672,825,Medium,v2,Approve
673,673,452,High,v1,Reject
674,674,650,Medium,v2,Reject
675,675,534,Medium,v2,Reject
676,676,326,Low,v2,Approve
677,677,657,Low,v2,Approve
678,678,719,High,v2,Reject
679,679,470,Low,v1,Approve
680,680,460,Medium,v2,Approve
681,681,316,Low,v2,Reject
682,682,534,Low,v1,Reject
683,683,563,Medium,v1,Reject
684,684,373,High,v2,Reject
685,685,500,Low,v2,Approve
686,686,477,Medium,v1,Reject
687,687,734,Low,v1,Approve
688,688,315,Low,v2,Reject
689,689,704,High,v2,Reject
690,690,421,High,v1,Reject
691,691,568,Low,v2,Approve
692,692,488,Low,v2,Reject
693,693,843,Low,v1,Approve
694,694,580,Medium,v2,Reject
695,695,555,Medium,v1,Approve
696,696,753,Low,v2,Reject
697,697,317,High,v1,Approve
698,698,562,Low,v2,Approve
699,699,701,Medium,v2,Approve
700,700,543,Medium,v1,Reject
701,701,594,High,v2,Reject
702,702,491,High,v2,Approve
703,703,346,Medium,v1,Reject
704,704,417,Low,v1,Approve
705,705,580,High,v2,Approve
706,706,822,Low,v2,Approve
707,707,712,High,v2,Reject
708,708,568,High,v1,Reject
709,709,513,High,v2,Reject
710,710,537,High,v1,Reject
711,711,826,Medium,v2,Approve
712,712,415,Medium,v1,Reject
713,713,801,High,v2,Reject
714,714,701,High,v1,Approve
715,715,512,Medium,v2,Reject
716,716,383,High,v1,Approve
717,717,663,Low,v1,Reject
718,718,448,Low,v2,Approve
719,719,611,Low,v2,Reject
720,720,557,High,v2,Reject
721,721,849,High,v1,Reject
722,722,730,Low,v1,Reject
723,723,814,Low,v2,Reject
724,724,367,Low,v2,Approve
725,725,447,Medium,v2,Approve
726,726,472,Low,v2,Reject
727,727,807,Medium,v1,Approve
728,728,829,Low,v2,Approve
729,729,383,Low,v1,Reject
730,730,779,Medium,v2,Approve
731,731,574,High,v1,Approve
732,732,553,Medium,v1,Approve
733,733,428,Low,v2,Reject
734,734,650,High,v2,Approve
735,735,366,High,v2,Approve
736,736,465,High,v2,Reject
737,737,594,Low,v2,Reject
738,738,301,Medium,v1,Reject
739,739,706,High,v2,Reject
740,740,743,Low,v2,Reject
741,741,570,High,v2,Approve
742,742,590,Medium,v1,Reject
743,743,638,High,v2,Reject
744,744,465,Medium,v1,Approve
745,745,800,High,v1,Reject
746,746,637,High,v2,Approve
747,747,508,Medium,v1,Reject
748,748,742,Low,v1,Approve
749,749,519,High,v2,Approve
750,750,801,High,v1,Approve
751,751,726,High,v1,Reject
752,752,544,Low,v1,Reject
753,753,805,Medium,v1,Reject
754,754,373,High,v1,Reject
755,755,516,Low,v1,Reject
756,756,706,Medium,v1,Reject
757,757,461,High,v1,Approve
758,758,643,Low,v1,Reject
759,759,763,Low,v1,Approve
760,760,766,Low,v1,Approve
761,761,730,Medium,v1,Reject
762,762,438,Medium,v1,Approve
763,763,625,High,v1,Reject
764,764,659,Low,v2,Reject
765,765,793,Low,v1,Approve
766,766,512,Medium,v1,Approve
767,767,414,Medium,v1,Reject
768,768,452,Medium,v1,Reject
769,769,520,High,v1,Reject
770,770,733,Medium,v2,Approve
771,771,565,High,v2,Approve
772,772,551,Medium,v2,Approve
773,773,438,High,v1,Approve
774,774,828,High,v2,Approve
775,775,381,Medium,v2,Reject
776,776,353,High,v2,Reject
777,777,703,Low,v2,Approve
778,778,655,Low,v1,Reject
779,779,719,High,v1,Reject
780,780,573,Medium,v2,Approve
781,781,505,Medium,v2,Reject
782,782,768,Medium,v2,Reject
783,783,696,High,v1,Approve
784,784,309,Low,v1,Approve
785,785,375,Medium,v2,Reject
786,786,345,Medium,v2,Reject
787,787,678,Low,v2,Approve
788,788,348,Medium,v2,Approve
789,789,516,Low,v1,Approve
790,790,628,Medium,v1,Approve
791,791,457,Medium,v2,Approve
792,792,763,High,v1,Approve
793,793,743,Low,v2,Approve
794,794,310,High,v2,Approve
795,795,631,Low,v2,Reject
796,796,673,Medium,v2,Approve
797,797,646,Medium,v1,Approve
798,798,653,High,v1,Reject
799,799,621,Medium,v2,Reject
800,800,544,Low,v2,Approve
801,801,563,Low,v1,Reject
802,802,677,High,v1,Reject
803,803,815,Medium,v2,Reject
804,804,512,High,v1,Reject
805,805,555,Low,v1,Reject
806,806,619,Low,v1,Approve
807,807,742,High,v1,Reject
808,808,563,Medium,v2,Approve
809,809,452,Low,v2,Reject
810,810,422,Low,v1,Approve
811,811,456,High,v2,Approve
812,812,380,Low,v1,Approve
813,813,762,Low,v2,Reject
814,814,680,Low,v1,Approve
815,815,683,Low,v1,Reject
816,816,777,High,v2,Approve
817,817,595,Low,v1,Approve
818,818,403,High,v1,Approve
819,819,799,Low,v1,Reject
820,820,733,Medium,v2,Reject
821,821,429,High,v2,Reject
822,822,804,Low,v1,Reject
823,823,440,High,v1,Approve
824,824,465,Low,v1,Reject
825,825,480,Low,v1,Reject
826,826,557,High,v1,Approve
827,827,472,Low,v2,Approve
828,828,390,Medium,v1,Reject
829,829,787,Low,v2,Approve
830,830,656,High,v1,Approve
831,831,693,High,v1,Reject
832,832,400,High,v2,Approve
833,833,638,Medium,v1,Reject
834,834,456,High,v2,Approve
835,835,811,Medium,v1,Approve
836,836,570,High,v2,Reject
837,837,637,High,v1,Approve
838,838,829,High,v2,Approve
839,839,676,High,v2,Approve
840,840,552,High,v1,Approve
841,841,665,Low,v1,Reject
842,842,410,Medium,v2,Reject
843,843,777,Low,v1,Approve
844,844,730,High,v1,Reject
845,845,434,High,v1,Reject
846,846,557,Medium,v1,Reject
847,847,843,Medium,v1,Approve
848,848,598,Medium,v1,Reject
849,849,711,Medium,v2,Approve
850,850,466,High,v2,Reject
851,851,412,High,v2,Reject
852,852,373,Medium,v1,Reject
853,853,740,High,v1,Approve
854,854,681,Low,v1,Approve
855,855,790,Low,v2,Approve
856,856,602,Low,v2,Reject
857,857,346,Low,v1,Approve
858,858,528,High,v1,Approve
859,859,379,High,v2,Reject
860,860,485,Low,v2,Approve
861,861,683,Low,v2,Approve
862,862,424,Medium,v1,Reject
863,863,497,Medium,v2,Approve
864,864,663,Medium,v1,Approve
865,865,356,Low,v2,Approve
866,866,580,Medium,v2,Reject
867,867,440,Low,v2,Approve
868,868,641,High,v1,Reject
869,869,409,Low,v2,Approve
870,870,402,Medium,v1,Reject
871,871,796,Low,v2,Reject
872,872,805,High,v2,Reject
873,873,834,Low,v2,Reject
874,874,501,Low,v1,Approve
875,875,332,Low,v2,Reject
876,876,585,Low,v2,Approve
877,877,797,High,v1,Reject
878,878,677,Medium,v2,Approve
879,879,848,Low,v2,Approve
880,880,397,Medium,v2,Approve
881,881,718,Low,v2,Reject
882,882,523,High,v2,Reject
883,883,731,Low,v2,Reject
884,884,786,High,v1,Reject
885,885,764,Low,v2,Reject
886,886,783,High,v2,Reject
887,887,587,Low,v1,Reject
888,888,336,Medium,v1,Approve
889,889,772,High,v1,Reject
890,890,831,Low,v1,Reject
891,891,678,High,v2,Approve
892,892,604,Medium,v1,Approve
893,893,454,High,v1,Approve
894,894,367,Low,v1,Reject
895,895,670,Medium,v1,Approve
896,896,579,Medium,v2,Reject
897,897,742,High,v1,Approve
898,898,698,Low,v1,Approve
899,899,791,Medium,v1,Approve
900,900,818,High,v1,Approve
901,901,336,High,v1,Approve
902,902,845,High,v2,Reject
903,903,685,Low,v1,Reject
904,904,715,High,v1,Approve
905,905,427,Low,v1,Approve
906,906,653,Low,v1,Reject
907,907,455,High,v1,Reject
908,908,645,Medium,v2,Reject
909,909,443,Low,v1,Approve
910,910,568,Medium,v2,Reject
911,911,371,Medium,v1,Reject
912,912,348,Medium,v1,Approve
913,913,321,High,v1,Reject
914,914,395,Low,v1,Reject
915,915,574,Medium,v2,Reject
916,916,655,Medium,v1,Approve
917,917,499,High,v1,Approve
918,918,409,Low,v2,Approve
919,919,307,High,v2,Reject
920,920,754,Medium,v1,Approve
921,921,377,Low,v2,Reject
922,922,623,High,v2,Reject
923,923,349,Medium,v2,Approve
924,924,808,Low,v1,Reject
925,925,448,Low,v1,Reject
926,926,622,Medium,v2,Reject
927,927,345,High,v2,Approve
928,928,438,Low,v1,Approve
929,929,509,Medium,v1,Approve
930,930,739,Low,v1,Approve
931,931,844,Medium,v2,Reject
932,932,472,Low,v1,Reject
933,933,378,Low,v2,Approve
934,934,584,Low,v1,Approve
935,935,669,Low,v2,Approve
936,936,446,Low,v2,Approve
937,937,467,Low,v2,Approve
938,938,461,Medium,v2,Approve
939,939,709,High,v1,Reject
940,940,603,Low,v2,Approve
941,941,454,Low,v2,Approve
942,942,482,Medium,v2,Reject
943,943,473,Low,v2,Approve
944,944,826,Low,v1,Approve
945,945,339,Medium,v1,Reject
946,946,385,Low,v2,Approve
947,947,545,Low,v2,Approve
948,948,336,Medium,v1,Reject
949,949,454,Low,v2,Approve
950,950,494,Medium,v2,Reject
951,951,440,Low,v1,Approve
952,952,326,Medium,v1,Reject
953,953,377,Medium,v1,Reject
954,954,751,Low,v2,Reject
955,955,843,Low,v2,Reject
956,956,446,Low,v1,Reject
957,957,534,High,v2,Approve
958,958,725,High,v2,Approve
959,959,663,Medium,v1,Approve
960,960,538,Medium,v2,Reject
961,961,348,Medium,v2,Approve
962,962,627,Medium,v2,Reject
963,963,751,High,v1,Approve
964,964,544,High,v1,Approve
965,965,781,Medium,v2,Reject
966,966,771,Low,v2,Reject
967,967,303,Low,v1,Approve
968,968,587,Low,v2,Reject
969,969,495,Low,v2,Reject
970,970,514,Low,v1,Approve
971,971,579,High,v1,Approve
972,972,624,High,v1,Reject
973,973,507,High,v2,Reject
974,974,596,Medium,v2,Approve
975,975,368,Medium,v1,Reject
976,976,477,Low,v1,Approve
977,977,368,High,v2,Approve
978,978,836,High,v2,Reject
979,979,535,Medium,v1,Reject
980,980,556,Medium,v1,Reject
981,981,679,Medium,v1,Approve
982,982,710,Medium,v2,Reject
983,983,839,Medium,v1,Approve
984,984,316,Low,v1,Approve
985,985,399,Medium,v1,Approve
986,986,337,Low,v1,Reject
987,987,595,Medium,v1,Reject
988,988,381,Low,v1,Approve
989,989,471,Medium,v1,Reject
990,990,543,High,v2,Reject
991,991,770,Medium,v1,Reject
992,992,726,Low,v1,Reject
993,993,538,Medium,v1,Reject
994,994,621,Low,v1,Reject
995,995,379,Low,v2,Reject
996,996,514,Medium,v2,Approve
997,997,570,Medium,v2,Approve
998,998,628,Medium,v1,Approve
999,999,815,High,v2,Approve
1000,1000,560,Medium,v2,Approve
1001,1001,835,High,v2,Reject
1002,1002,467,Low,v2,Reject
1003,1003,833,Low,v1,Approve
1004,1004,645,High,v1,Reject
1005,1005,403,Low,v1,Reject
1006,1006,348,Medium,v2,Approve
1007,1007,315,Medium,v2,Approve
1008,1008,626,Low,v2,Reject
1009,1009,429,High,v1,Reject
1010,1010,644,High,v1,Approve
1011,1011,353,Medium,v1,Approve
1012,1012,498,Medium,v1,Reject
1013,1013,372,Low,v1,Approve
1014,1014,798,Medium,v2,Reject
1015,1015,837,Low,v2,Approve
1016,1016,371,Low,v1,Reject
1017,1017,346,Medium,v2,Reject
1018,1018,733,Low,v1,Approve
1019,1019,326,High,v1,Reject
1020,1020,608,High,v1,Approve
1021,1021,556,Low,v2,Reject
1022,1022,671,Medium,v2,Reject
1023,1023,561,Low,v1,Approve
1024,1024,831,High,v1,Approve
1025,1025,437,Low,v1,Approve
1026,1026,591,Medium,v2,Reject
1027,1027,638,High,v2,Reject
1028,1028,820,Low,v2,Reject
1029,1029,649,High,v1,Reject
1030,1030,578,High,v1,Reject
1031,1031,646,Medium,v2,Approve
1032,1032,776,Medium,v2,Reject
1033,1033,737,Low,v1,Reject
1034,1034,752,High,v1,Approve
1035,1035,517,Medium,v1,Reject
1036,1036,604,High,v2,Approve
1037,1037,822,Medium,v1,Reject
1038,1038,838,Medium,v2,Approve
1039,1039,569,High,v2,Approve
1040,1040,689,Medium,v2,Reject
1041,1041,609,High,v1,Reject
1042,1042,469,High,v2,Reject
1043,1043,420,Low,v2,Reject
1044,1044,598,High,v1,Reject
1045,1045,561,High,v1,Reject
1046,1046,362,Medium,v1,Approve
1047,1047,660,High,v2,Reject
1048,1048,651,High,v1,Reject
1049,1049,756,Low,v1,Reject
1050,1050,310,Medium,v2,Approve
1051,1051,499,Medium,v2,Approve
1052,1052,710,Medium,v1,Reject
1053,1053,836,High,v1,Reject
1054,1054,754,Medium,v1,Reject
1055,1055,379,Low,v1,Approve
1056,1056,802,Medium,v2,Approve
1057,1057,656,High,v1,Reject
1058,1058,459,Medium,v2,Approve
1059,1059,541,High,v1,Reject
1060,1060,809,High,v2,Reject
1061,1061,587,Medium,v1,Reject
1062,1062,592,High,v2,Reject
1063,1063,646,Low,v2,Approve
1064,1064,340,Medium,v2,Approve
1065,1065,715,Medium,v1,Reject
1066,1066,569,Medium,v2,Reject
1067,1067,672,High,v1,Approve
1068,1068,831,High,v1,Approve
1069,1069,406,Medium,v2,Reject
1070,1070,409,High,v1,Reject
1071,1071,835,High,v2,Reject
1072,1072,669,Low,v2,Approve
1073,1073,333,High,v1,Reject
1074,1074,787,High,v1,Reject
1075,1075,341,Low,v1,Approve
1076,1076,800,High,v1,Reject
1077,1077,439,Medium,v1,Approve
1078,1078,841,Low,v1,Reject
1079,1079,352,Medium,v2,Approve
1080,1080,605,High,v2,Approve
1081,1081,598,Low,v1,Reject
1082,1082,758,High,v2,Reject
1083,1083,600,Low,v2,Reject
1084,1084,531,High,v2,Reject
1085,1085,655,Low,v2,Reject
1086,1086,534,Medium,v2,Approve
1087,1087,450,Medium,v1,Reject
1088,1088,483,High,v1,Approve
1089,1089,525,Low,v2,Reject
1090,1090,784,Low,v2,Approve
1091,1091,598,Medium,v1,Reject
1092,1092,805,Low,v2,Approve
1093,1093,660,High,v2,Reject
1094,1094,428,Low,v1,Reject
1095,1095,392,Low,v1,Approve
1096,1096,812,High,v1,Reject
1097,1097,304,Medium,v1,Reject
1098,1098,408,High,v1,Approve
1099,1099,633,Low,v2,Approve
1100,1100,460,High,v1,Approve
1101,1101,516,High,v2,Reject
1102,1102,750,High,v2,Reject
1103,1103,391,High,v2,Approve
1104,1104,726,High,v2,Reject
1105,1105,305,Medium,v1,Reject
1106,1106,466,Medium,v1,Reject
1107,1107,549,High,v1,Approve
1108,1108,560,Medium,v2,Approve
1109,1109,604,High,v1,Approve
1110,1110,625,Medium,v2,Approve
1111,1111,728,Medium,v2,Reject
1112,1112,843,Medium,v1,Approve
1113,1113,357,Low,v2,Reject
1114,1114,620,Medium,v2,Approve
1115,1115,586,Medium,v2,Approve
1116,1116,531,Low,v1,Approve
1117,1117,663,Medium,v1,Approve
1118,1118,623,Low,v2,Approve
1119,1119,583,High,v1,Reject
1120,1120,373,High,v1,Approve
1121,1121,368,High,v1,Reject
1122,1122,605,High,v1,Reject
1123,1123,726,Low,v1,Approve
1124,1124,798,Low,v1,Approve
1125,1125,744,Low,v2,Approve
1126,1126,460,Low,v2,Approve
1127,1127,434,High,v2,Reject
1128,1128,601,High,v2,Reject
1129,1129,688,High,v1,Reject
1130,1130,400,High,v2,Reject
1131,1131,586,Medium,v2,Reject
1132,1132,456,Medium,v1,Approve
1133,1133,527,Low,v2,Reject
1134,1134,522,Medium,v1,Reject
1135,1135,500,High,v2,Approve
1136,1136,301,High,v1,Approve
1137,1137,636,High,v1,Approve
1138,1138,795,Low,v2,Approve
1139,1139,536,High,v2,Reject
1140,1140,372,Low,v1,Reject
1141,1141,785,Low,v1,Approve
1142,1142,831,Low,v1,Reject
1143,1143,591,High,v1,Reject
1144,1144,659,Low,v2,Approve
1145,1145,605,Low,v1,Approve
1146,1146,765,Low,v2,Reject
1147,1147,553,Medium,v2,Approve
1148,1148,319,Medium,v1,Reject
1149,1149,679,Medium,v1,Approve
1150,1150,631,Medium,v1,Reject
1151,1151,832,Low,v1,Approve
1152,1152,446,Low,v2,Approve
1153,1153,603,Medium,v1,Reject
1154,1154,467,High,v2,Approve
1155,1155,773,Medium,v2,Approve
1156,1156,763,High,v1,Approve
1157,1157,588,Low,v2,Approve
1158,1158,621,High,v1,Approve
1159,1159,421,Low,v2,Approve
1160,1160,442,High,v2,Approve
1161,1161,332,Low,v2,Approve
1162,1162,791,Medium,v2,Approve
1163,1163,530,Medium,v1,Reject
1164,1164,703,High,v2,Approve
1165,1165,846,Low,v1,Reject
1166,1166,556,High,v1,Approve
1167,1167,788,Medium,v2,Reject
1168,1168,705,Medium,v2,Reject
1169,1169,838,Low,v1,Approve
1170,1170,480,Medium,v2,Reject
1171,1171,721,Low,v1,Approve
1172,1172,771,Low,v1,Approve
1173,1173,770,High,v2,Approve
1174,1174,608,Low,v2,Reject
1175,1175,344,Medium,v1,Reject
1176,1176,352,Low,v2,Approve
1177,1177,381,Low,v2,Approve
1178,1178,379,High,v2,Reject
1179,1179,462,Low,v2,Approve
1180,1180,346,Low,v1,Approve
1181,1181,839,High,v2,Approve
1182,1182,735,Medium,v1,Approve
1183,1183,538,Low,v1,Approve
1184,1184,565,Low,v2,Approve
1185,1185,832,High,v2,Approve
1186,1186,479,High,v1,Reject
1187,1187,430,High,v1,Approve
1188,1188,780,Medium,v1,Approve
1189,1189,401,Low,v2,Approve
1190,1190,391,High,v2,Approve
1191,1191,475,Low,v2,Reject
1192,1192,660,Low,v2,Reject
1193,1193,331,High,v2,Reject
1194,1194,356,High,v1,Approve
1195,1195,591,High,v1,Approve
1196,1196,775,High,v2,Reject
1197,1197,748,Low,v2,Approve
1198,1198,817,Low,v2,Reject
1199,1199,656,Medium,v1,Approve
1200,1200,314,Low,v2,Reject
1201,1201,469,High,v1,Reject
1202,1202,564,Low,v1,Reject
1203,1203,365,Medium,v2,Reject
1204,1204,744,Low,v1,Reject
1205,1205,848,Medium,v1,Approve
1206,1206,582,High,v1,Reject
1207,1207,653,Medium,v1,Approve
1208,1208,695,High,v2,Reject
1209,1209,309,Medium,v2,Approve
1210,1210,823,Medium,v2,Approve
1211,1211,691,Low,v1,Approve
1212,1212,546,High,v1,Approve
1213,1213,464,Medium,v1,Reject
1214,1214,632,Medium,v1,Reject
1215,1215,570,High,v2,Approve
1216,1216,457,Low,v2,Approve
1217,1217,302,Low,v2,Approve
1218,1218,483,Low,v1,Reject
1219,1219,734,Low,v2,Reject
1220,1220,435,Low,v2,Reject
1221,1221,613,High,v1,Reject
1222,1222,825,Low,v2,Approve
1223,1223,659,Medium,v1,Reject
1224,1224,466,High,v1,Approve
1225,1225,603,Low,v2,Approve
1226,1226,742,Low,v1,Reject
1227,1227,430,High,v1,Reject
1228,1228,606,Low,v2,Approve
1229,1229,488,Medium,v2,Reject
1230,1230,719,Medium,v2,Approve
1231,1231,438,High,v2,Approve
1232,1232,784,High,v2,Approve
1233,1233,418,High,v2,Approve
1234,1234,400,Medium,v2,Reject
1235,1235,360,Low,v1,Reject
1236,1236,542,Medium,v2,Approve
1237,1237,693,High,v1,Approve
1238,1238,664,High,v2,Approve
1239,1239,335,High,v2,Reject
1240,1240,841,Medium,v1,Reject
1241,1241,674,Medium,v2,Reject
1242,1242,827,High,v1,Reject
1243,1243,762,Low,v1,Reject
1244,1244,542,Low,v2,Approve
1245,1245,367,High,v1,Reject
1246,1246,451,Medium,v1,Reject
1247,1247,434,Low,v2,Approve
1248,1248,826,Low,v2,Reject
1249,1249,550,Medium,v2,Reject
1250,1250,518,Low,v2,Approve
1251,1251,490,Medium,v1,Reject
1252,1252,351,Medium,v2,Approve
1253,1253,551,Medium,v2,Approve
1254,1254,733,Low,v1,Approve
1255,1255,588,Medium,v2,Approve
1256,1256,587,Medium,v2,Reject
1257,1257,681,High,v2,Approve
1258,1258,438,Medium,v1,Reject
1259,1259,459,High,v2,Reject
1260,1260,306,Medium,v2,Reject
1261,1261,386,Medium,v2,Reject
1262,1262,844,Low,v1,Approve
1263,1263,448,High,v2,Reject
1264,1264,485,Medium,v2,Approve
1265,1265,490,High,v1,Approve
1266,1266,631,High,v2,Reject
1267,1267,831,High,v2,Approve
1268,1268,455,Low,v1,Reject
1269,1269,627,High,v2,Reject
1270,1270,801,Low,v2,Reject
1271,1271,430,High,v1,Approve
1272,1272,674,High,v2,Approve
1273,1273,338,Medium,v1,Reject
1274,1274,614,Medium,v1,Reject
1275,1275,308,Low,v2,Approve
1276,1276,849,Low,v2,Reject
1277,1277,395,Low,v1,Reject
1278,1278,825,Medium,v2,Approve
1279,1279,635,Medium,v2,Reject
1280,1280,309,Low,v1,Reject
1281,1281,491,Medium,v2,Approve
1282,1282,829,Medium,v1,Approve
1283,1283,619,Low,v2,Reject
1284,1284,741,Medium,v2,Approve
1285,1285,811,Medium,v1,Approve
1286,1286,666,High,v1,Approve
1287,1287,396,High,v2,Approve
1288,1288,592,Medium,v1,Approve
1289,1289,703,High,v1,Approve
1290,1290,759,High,v1,Reject
1291,1291,604,High,v2,Reject
1292,1292,435,High,v2,Approve
1293,1293,698,Low,v1,Reject
1294,1294,302,Low,v1,Reject
1295,1295,607,High,v1,Reject
1296,1296,502,Low,v1,Reject
1297,1297,737,Medium,v1,Reject
1298,1298,797,Medium,v2,Reject
1299,1299,793,Medium,v2,Approve
1300,1300,495,Low,v1,Approve
1301,1301,445,Medium,v1,Approve
1302,1302,603,Low,v2,Reject
1303,1303,611,High,v2,Approve
1304,1304,523,Medium,v1,Reject
1305,1305,688,Low,v1,Approve
1306,1306,792,Low,v2,Approve
1307,1307,407,Medium,v1,Reject
1308,1308,445,High,v1,Approve
1309,1309,712,Medium,v1,Approve
1310,1310,555,High,v2,Reject
1311,1311,781,Medium,v2,Reject
1312,1312,448,High,v1,Approve
1313,1313,481,Low,v2,Approve
1314,1314,682,Low,v2,Reject
1315,1315,754,Low,v1,Approve
1316,1316,317,Medium,v2,Reject
1317,1317,617,High,v2,Reject
1318,1318,530,Medium,v2,Reject
1319,1319,776,High,v2,Reject
1320,1320,836,Medium,v1,Approve
1321,1321,445,Low,v2,Approve
1322,1322,531,High,v2,Reject
1323,1323,820,Medium,v2,Reject
1324,1324,374,Low,v2,Approve
1325,1325,768,High,v1,Reject
1326,1326,826,Low,v1,Approve
1327,1327,603,Medium,v1,Approve
1328,1328,383,High,v2,Reject
1329,1329,577,High,v2,Reject
1330,1330,679,High,v1,Approve
1331,1331,473,Medium,v1,Approve
1332,1332,709,High,v2,Reject
1333,1333,424,Low,v1,Reject
1334,1334,765,High,v2,Reject
1335,1335,385,Low,v2,Reject
1336,1336,440,Medium,v2,Approve
1337,1337,628,Medium,v1,Approve
1338,1338,517,High,v2,Approve
1339,1339,386,Low,v1,Approve
1340,1340,657,Medium,v2,Approve
1341,1341,495,Low,v2,Reject
1342,1342,647,Medium,v1,Approve
1343,1343,470,Medium,v1,Approve
1344,1344,389,Low,v2,Approve
1345,1345,718,High,v1,Approve
1346,1346,807,High,v2,Approve
1347,1347,504,Medium,v1,Reject
1348,1348,823,Low,v1,Reject
1349,1349,428,High,v2,Approve
1350,1350,774,Medium,v1,Approve
1351,1351,787,High,v2,Approve
1352,1352,312,Low,v2,Approve
1353,1353,405,High,v1,Reject
1354,1354,664,Medium,v1,Approve
1355,1355,487,Medium,v1,Reject
1356,1356,643,High,v2,Reject
1357,1357,549,High,v2,Reject
1358,1358,721,Low,v1,Reject
1359,1359,354,Low,v1,Approve
1360,1360,767,Low,v2,Approve
1361,1361,578,High,v2,Approve
1362,1362,573,Medium,v1,Reject
1363,1363,603,Medium,v1,Approve
1364,1364,370,Medium,v1,Approve
1365,1365,513,Medium,v2,Approve
1366,1366,656,Low,v2,Reject
1367,1367,700,Medium,v1,Reject
1368,1368,758,High,v2,Approve
1369,1369,564,Low,v1,Reject
1370,1370,443,Medium,v2,Reject
1371,1371,723,Medium,v1,Approve
1372,1372,712,Low,v1,Approve
1373,1373,387,Medium,v2,Approve
1374,1374,617,Medium,v1,Reject
1375,1375,697,Low,v2,Approve
1376,1376,469,Medium,v1,Approve
1377,1377,393,Low,v1,Reject
1378,1378,607,Low,v2,Reject
1379,1379,612,High,v1,Approve
1380,1380,424,Low,v1,Reject
1381,1381,339,Medium,v1,Reject
1382,1382,651,Medium,v1,Approve
1383,1383,611,Medium,v1,Reject
1384,1384,623,Medium,v1,Approve
1385,1385,575,High,v2,Approve
1386,1386,342,High,v1,Reject
1387,1387,376,Medium,v1,Reject
1388,1388,800,High,v2,Reject
1389,1389,773,High,v1,Approve
1390,1390,461,High,v1,Approve
1391,1391,727,Low,v2,Approve
1392,1392,452,Medium,v2,Reject
1393,1393,678,High,v1,Reject
1394,1394,408,Medium,v1,Approve
1395,1395,496,High,v1,Approve
1396,1396,781,Medium,v2,Approve
1397,1397,695,Low,v2,Approve
1398,1398,396,High,v1,Approve
1399,1399,549,High,v1,Reject
1400,1400,523,Low,v1,Approve
1401,1401,439,Medium,v2,Approve
1402,1402,560,Medium,v1,Reject
1403,1403,684,High,v1,Approve
1404,1404,410,High,v1,Reject
1405,1405,661,Low,v1,Approve
1406,1406,813,High,v1,Approve
1407,1407,836,Low,v1,Approve
1408,1408,679,Medium,v1,Reject
1409,1409,524,Medium,v2,Approve
1410,1410,713,Low,v1,Reject
1411,1411,542,High,v2,Reject
1412,1412,516,High,v2,Reject
1413,1413,411,High,v2,Reject
1414,1414,601,Low,v2,Approve
1415,1415,336,Low,v2,Reject
1416,1416,653,Medium,v1,Reject
1417,1417,571,High,v1,Approve
1418,1418,751,Low,v2,Reject
1419,1419,329,Low,v1,Approve
1420,1420,376,High,v1,Approve
1421,1421,642,High,v2,Approve
1422,1422,523,Medium,v1,Reject
1423,1423,619,Low,v1,Approve
1424,1424,706,Medium,v1,Reject
1425,1425,320,High,v1,Reject
1426,1426,639,High,v1,Approve
1427,1427,454,High,v2,Approve
1428,1428,549,Low,v1,Approve
1429,1429,743,Medium,v2,Reject
1430,1430,392,Medium,v1,Reject
1431,1431,618,Medium,v1,Reject
1432,1432,313,High,v2,Reject
1433,1433,425,High,v1,Approve
1434,1434,354,Medium,v2,Reject
1435,1435,601,Low,v2,Approve
1436,1436,842,Medium,v2,Approve
1437,1437,364,Low,v2,Reject
1438,1438,572,Medium,v2,Reject
1439,1439,658,Medium,v2,Approve
1440,1440,811,Medium,v1,Reject
1441,1441,766,Medium,v2,Approve
1442,1442,384,Medium,v1,Reject
1443,1443,446,Medium,v2,Approve
1444,1444,419,Low,v2,Reject
1445,1445,726,Medium,v1,Reject
1446,1446,678,Low,v2,Approve
1447,1447,402,Low,v2,Approve
1448,1448,446,Medium,v1,Reject
1449,1449,302,Medium,v2,Reject
1450,1450,321,Low,v2,Reject
1451,1451,660,Low,v2,Approve
1452,1452,361,Medium,v2,Reject
1453,1453,613,High,v2,Reject
1454,1454,636,Low,v2,Reject
1455,1455,427,High,v2,Reject
1456,1456,841,Medium,v2,Approve
1457,1457,844,Medium,v1,Approve
1458,1458,395,High,v2,Reject
1459,1459,716,High,v1,Reject
1460,1460,787,Medium,v2,Approve
1461,1461,358,Low,v2,Approve
1462,1462,612,Medium,v2,Reject
1463,1463,473,High,v1,Reject
1464,1464,516,High,v1,Reject
1465,1465,639,High,v1,Approve
1466,1466,634,Low,v1,Approve
1467,1467,464,High,v1,Approve
1468,1468,385,Low,v1,Reject
1469,1469,673,Low,v2,Reject
1470,1470,425,Low,v2,Reject
1471,1471,565,Medium,v2,Reject
1472,1472,733,High,v1,Approve
1473,1473,476,Medium,v2,Reject
1474,1474,566,Medium,v2,Reject
1475,1475,513,High,v2,Approve
1476,1476,564,Low,v2,Reject
1477,1477,573,Medium,v1,Reject
1478,1478,492,High,v2,Approve
1479,1479,639,Low,v2,Reject
1480,1480,555,Medium,v1,Approve
1481,1481,821,Low,v1,Approve
1482,1482,777,Medium,v1,Approve
1483,1483,367,High,v1,Approve
1484,1484,648,High,v1,Approve
1485,1485,352,High,v2,Reject
1486,1486,405,Medium,v2,Reject
1487,1487,661,High,v2,Approve
1488,1488,610,Medium,v1,Approve
1489,1489,728,Low,v1,Reject
1490,1490,722,High,v1,Reject
1491,1491,566,Medium,v2,Reject
1492,1492,639,Medium,v2,Reject
1493,1493,835,Low,v1,Reject
1494,1494,805,Medium,v1,Approve
1495,1495,554,Medium,v2,Reject
1496,1496,525,Medium,v2,Approve
1497,1497,359,Low,v1,Approve
1498,1498,545,Medium,v2,Approve
1499,1499,416,Low,v1,Approve
1500,1500,806,High,v1,Approve
1501,1501,830,High,v2,Approve
1502,1502,340,Medium,v2,Reject
1503,1503,504,High,v2,Approve
1504,1504,701,High,v1,Reject
1505,1505,825,Medium,v2,Reject
1506,1506,729,Medium,v2,Reject
1507,1507,785,Low,v1,Reject
1508,1508,301,High,v2,Approve
1509,1509,580,Medium,v2,Approve
1510,1510,588,Low,v1,Approve
1511,1511,771,Medium,v1,Reject
1512,1512,319,Medium,v2,Reject
1513,1513,606,Medium,v2,Approve
1514,1514,367,Medium,v2,Reject
1515,1515,799,Low,v2,Approve
1516,1516,383,Low,v1,Approve
1517,1517,375,Low,v1,Reject
1518,1518,307,High,v2,Approve
1519,1519,612,High,v2,Reject
1520,1520,427,Low,v1,Reject
1521,1521,679,High,v1,Approve
1522,1522,363,Medium,v2,Approve
1523,1523,739,Medium,v1,Reject
1524,1524,428,Medium,v2,Approve
1525,1525,791,High,v1,Approve
1526,1526,655,High,v2,Reject
1527,1527,712,High,v1,Approve
1528,1528,371,Low,v2,Approve
1529,1529,434,Medium,v2,Approve
1530,1530,627,Medium,v2,Approve
1531,1531,814,Medium,v2,Reject
1532,1532,338,High,v1,Reject
1533,1533,459,Medium,v1,Reject
1534,1534,403,Low,v2,Reject
1535,1535,635,High,v2,Reject
1536,1536,727,High,v2,Approve
1537,1537,775,Low,v2,Reject
1538,1538,727,High,v1,Approve
1539,1539,438,High,v2,Approve
1540,1540,793,Low,v1,Reject
1541,1541,650,High,v1,Reject
1542,1542,450,Medium,v1,Approve
1543,1543,700,High,v2,Approve
1544,1544,788,Low,v2,Approve
1545,1545,340,High,v2,Reject
1546,1546,439,Medium,v1,Approve
1547,1547,832,Low,v1,Reject
1548,1548,702,Low,v1,Approve
1549,1549,324,Medium,v1,Reject
1550,1550,353,Medium,v1,Reject
1551,1551,758,Low,v1,Approve
1552,1552,405,High,v1,Reject
1553,1553,760,Medium,v2,Reject
1554,1554,554,High,v2,Approve
1555,1555,306,Low,v1,Reject
1556,1556,429,Medium,v1,Approve
1557,1557,484,Low,v2,Reject
1558,1558,844,High,v1,Approve
1559,1559,640,Low,v2,Reject
1560,1560,393,Medium,v1,Approve
1561,1561,533,Medium,v1,Reject
1562,1562,480,High,v2,Approve
1563,1563,333,Low,v1,Reject
1564,1564,302,High,v2,Approve
1565,1565,603,Low,v1,Reject
1566,1566,420,High,v1,Reject
1567,1567,496,High,v2,Approve
1568,1568,665,High,v1,Reject
1569,1569,462,Low,v1,Reject
1570,1570,730,Low,v2,Reject
1571,1571,783,Medium,v2,Reject
1572,1572,381,Medium,v2,Approve
1573,1573,407,Low,v2,Reject
1574,1574,725,High,v1,Approve
1575,1575,828,Medium,v1,Approve
1576,1576,491,Medium,v2,Approve
1577,1577,566,High,v2,Reject
1578,1578,841,High,v1,Reject
1579,1579,687,Medium,v2,Reject
1580,1580,442,High,v1,Approve
1581,1581,654,Low,v1,Reject
1582,1582,316,High,v1,Approve
1583,1583,592,Low,v1,Approve
1584,1584,762,Medium,v2,Reject
1585,1585,362,Medium,v2,Reject
1586,1586,320,Medium,v2,Reject
1587,1587,725,High,v2,Approve
1588,1588,634,Low,v2,Reject
1589,1589,484,Medium,v2,Reject
1590,1590,595,Medium,v2,Reject
1591,1591,598,Medium,v1,Reject
1592,1592,470,Medium,v1,Reject
1593,1593,539,High,v1,Approve
1594,1594,549,Low,v1,Approve
1595,1595,712,Low,v2,Reject
1596,1596,773,High,v2,Approve
1597,1597,741,Low,v1,Reject
1598,1598,626,Medium,v1,Approve
1599,1599,777,High,v1,Reject
1600,1600,331,Low,v1,Approve
1601,1601,783,Low,v2,Reject
1602,1602,626,High,v2,Approve
1603,1603,538,Low,v2,Approve
1604,1604,746,Medium,v2,Reject
1605,1605,362,Medium,v1,Approve
1606,1606,404,High,v2,Approve
1607,1607,547,Low,v2,Approve
1608,1608,350,Low,v2,Approve
1609,1609,719,Low,v1,Approve
1610,1610,508,Medium,v2,Reject
1611,1611,460,Low,v1,Approve
1612,1612,639,Low,v1,Approve
1613,1613,371,High,v1,Approve
1614,1614,799,Medium,v1,Approve
1615,1615,674,Low,v1,Reject
1616,1616,497,Medium,v2,Approve
1617,1617,423,High,v2,Approve
1618,1618,470,Low,v1,Reject
1619,1619,316,Medium,v1,Approve
1620,1620,337,High,v1,Approve
1621,1621,839,High,v1,Reject
1622,1622,497,Low,v2,Approve
1623,1623,306,High,v1,Reject
1624,1624,488,High,v2,Approve
1625,1625,302,High,v2,Reject
1626,1626,684,Low,v2,Reject
1627,1627,427,High,v2,Reject
1628,1628,539,High,v2,Approve
1629,1629,761,Low,v1,Approve
1630,1630,780,High,v2,Approve
1631,1631,569,High,v1,Reject
1632,1632,323,Medium,v1,Reject
1633,1633,489,Low,v1,Reject
1634,1634,463,Medium,v1,Approve
1635,1635,473,Medium,v2,Approve
1636,1636,657,Low,v1,Reject
1637,1637,703,Medium,v2,Reject
1638,1638,606,Low,v2,Reject
1639,1639,821,High,v2,Approve
1640,1640,436,High,v1,Reject
1641,1641,837,Medium,v1,Reject
1642,1642,360,Medium,v2,Approve
1643,1643,580,Medium,v2,Approve
1644,1644,328,Low,v1,Reject
1645,1645,399,Medium,v2,Reject
1646,1646,457,Medium,v2,Approve
1647,1647,366,Low,v2,Reject
1648,1648,725,Low,v1,Approve
1649,1649,498,Low,v1,Approve
1650,1650,507,Medium,v1,Approve
1651,1651,519,High,v1,Approve
1652,1652,660,High,v2,Approve
1653,1653,673,High,v2,Approve
1654,1654,815,Low,v1,Reject
1655,1655,601,High,v2,Reject
1656,1656,366,Medium,v2,Reject
1657,1657,436,Low,v2,Approve
1658,1658,530,Low,v2,Reject
1659,1659,433,Medium,v1,Reject
1660,1660,724,Low,v2,Reject
1661,1661,428,Medium,v2,Approve
1662,1662,361,High,v1,Reject
1663,1663,778,Low,v1,Reject
1664,1664,692,Medium,v1,Reject
1665,1665,477,Medium,v1,Approve
1666,1666,594,Low,v1,Reject
1667,1667,710,Low,v1,Approve
1668,1668,405,High,v1,Approve
1669,1669,461,Low,v1,Reject
1670,1670,401,Medium,v1,Reject
1671,1671,611,Low,v2,Approve
1672,1672,579,High,v1,Reject
1673,1673,489,High,v2,Reject
1674,1674,570,Medium,v2,Reject
1675,1675,704,High,v1,Approve
1676,1676,538,Medium,v2,Approve
1677,1677,432,High,v2,Reject
1678,1678,557,High,v2,Approve
1679,1679,513,High,v1,Approve
1680,1680,664,Medium,v1,Approve
1681,1681,403,Low,v1,Approve
1682,1682,453,Low,v1,Reject
1683,1683,456,High,v2,Approve
1684,1684,842,Medium,v2,Reject
1685,1685,487,Low,v1,Approve
1686,1686,838,Low,v1,Approve
1687,1687,301,High,v2,Approve
1688,1688,338,Low,v1,Reject
1689,1689,543,High,v1,Reject
1690,1690,676,High,v1,Reject
1691,1691,481,Low,v2,Reject
1692,1692,362,Low,v2,Approve
1693,1693,413,High,v1,Reject
1694,1694,386,Low,v1,Reject
1695,1695,485,High,v1,Reject
1696,1696,761,High,v2,Approve
1697,1697,819,Medium,v1,Reject
1698,1698,724,Medium,v2,Reject
1699,1699,808,High,v1,Approve
1700,1700,834,Medium,v2,Reject
1701,1701,311,Medium,v2,Approve
1702,1702,479,Low,v1,Reject
1703,1703,674,Medium,v1,Approve
1704,1704,628,Medium,v2,Reject
1705,1705,335,High,v1,Approve
1706,1706,322,Medium,v1,Approve
1707,1707,777,Low,v2,Reject
1708,1708,659,Low,v1,Approve
1709,1709,356,High,v1,Approve
1710,1710,478,High,v1,Approve
1711,1711,638,High,v1,Reject
1712,1712,640,High,v2,Reject
1713,1713,486,Medium,v1,Approve
1714,1714,552,Medium,v2,Reject
1715,1715,687,High,v1,Approve
1716,1716,708,High,v1,Approve
1717,1717,501,Medium,v1,Reject
1718,1718,696,Medium,v2,Approve
1719,1719,626,Low,v2,Approve
1720,1720,328,Low,v2,Approve
1721,1721,771,High,v1,Approve
1722,1722,570,High,v1,Approve
1723,1723,311,Medium,v1,Approve
1724,1724,651,Low,v1,Reject
1725,1725,646,Low,v1,Approve
1726,1726,661,Medium,v1,Approve
1727,1727,779,Low,v2,Approve
1728,1728,398,Low,v2,Approve
1729,1729,715,Medium,v2,Reject
1730,1730,422,Low,v2,Approve
1731,1731,523,Medium,v2,Reject
1732,1732,300,Low,v2,Reject
1733,1733,811,High,v1,Reject
1734,1734,464,High,v2,Approve
1735,1735,397,Medium,v1,Reject
1736,1736,736,High,v2,Approve
1737,1737,706,Low,v2,Approve
1738,1738,365,Low,v1,Reject
1739,1739,798,High,v2,Reject
1740,1740,513,Low,v1,Approve
1741,1741,581,Low,v1,Approve
1742,1742,319,Medium,v1,Approve
1743,1743,352,Low,v1,Approve
1744,1744,506,Medium,v1,Approve
1745,1745,782,Medium,v2,Reject
1746,1746,491,Medium,v1,Reject
1747,1747,360,High,v2,Reject
1748,1748,818,Low,v1,Approve
1749,1749,519,Low,v2,Approve
1750,1750,455,High,v2,Approve
1751,1751,322,High,v2,Approve
1752,1752,481,Low,v2,Approve
1753,1753,574,Medium,v2,Approve
1754,1754,468,Medium,v1,Reject
1755,1755,306,High,v1,Approve
1756,1756,322,Medium,v2,Reject
1757,1757,722,Medium,v1,Reject
1758,1758,687,Low,v1,Approve
1759,1759,602,Low,v1,Reject
1760,1760,498,Low,v2,Reject
1761,1761,671,High,v2,Approve
1762,1762,492,Low,v1,Reject
1763,1763,504,Medium,v1,Reject
1764,1764,482,Low,v2,Reject
1765,1765,740,Low,v1,Approve
1766,1766,653,Medium,v1,Approve
1767,1767,604,High,v2,Reject
1768,1768,665,Medium,v1,Reject
1769,1769,754,Low,v2,Reject
1770,1770,442,Low,v1,Reject
1771,1771,794,High,v2,Approve
1772,1772,457,Medium,v1,Reject
1773,1773,520,High,v1,Approve
1774,1774,807,Low,v1,Approve
1775,1775,714,Medium,v1,Approve
1776,1776,562,Medium,v1,Approve
1777,1777,747,Medium,v2,Approve
1778,1778,624,Medium,v1,Approve
1779,1779,743,High,v2,Approve
1780,1780,408,Low,v2,Reject
1781,1781,340,Low,v1,Approve
1782,1782,361,High,v1,Approve
1783,1783,506,Medium,v2,Reject
1784,1784,385,High,v1,Approve
1785,1785,397,High,v1,Approve
1786,1786,350,High,v1,Reject
1787,1787,762,Low,v1,Approve
1788,1788,408,Low,v1,Reject
1789,1789,497,Low,v2,Approve
1790,1790,754,Medium,v2,Approve
1791,1791,568,High,v1,Reject
1792,1792,742,High,v2,Approve
1793,1793,848,Low,v1,Approve
1794,1794,783,Low,v1,Approve
1795,1795,810,Medium,v1,Reject
1796,1796,501,High,v1,Reject
1797,1797,687,Medium,v2,Approve
1798,1798,785,Medium,v2,Approve
1799,1799,391,High,v2,Reject
1800,1800,598,Low,v2,Reject
1801,1801,340,Medium,v2,Reject
1802,1802,468,High,v1,Approve
1803,1803,765,Low,v2,Approve
1804,1804,714,Low,v1,Approve
1805,1805,558,High,v2,Reject
1806,1806,801,High,v1,Reject
1807,1807,634,High,v1,Approve
1808,1808,582,Low,v2,Reject
1809,1809,695,Medium,v1,Reject
1810,1810,708,Medium,v2,Approve
1811,1811,418,Medium,v2,Reject
1812,1812,785,Medium,v2,Approve
1813,1813,332,Medium,v2,Approve
1814,1814,748,Low,v2,Approve
1815,1815,785,Low,v1,Approve
1816,1816,601,High,v1,Reject
1817,1817,435,Medium,v1,Approve
1818,1818,377,Low,v1,Approve
1819,1819,664,Low,v2,Reject
1820,1820,752,Low,v2,Reject
1821,1821,761,Medium,v1,Reject
1822,1822,425,High,v2,Reject
1823,1823,691,High,v2,Reject
1824,1824,403,Low,v1,Approve
1825,1825,836,High,v1,Approve
1826,1826,627,Medium,v2,Reject
1827,1827,759,Low,v1,Reject
1828,1828,566,Low,v1,Reject
1829,1829,535,Low,v2,Reject
1830,1830,300,High,v1,Reject
1831,1831,446,Medium,v1,Reject
1832,1832,573,High,v1,Reject
1833,1833,572,High,v1,Approve
1834,1834,493,High,v1,Approve
1835,1835,731,High,v1,Approve
1836,1836,758,Low,v1,Reject
1837,1837,568,High,v1,Reject
1838,1838,504,High,v1,Approve
1839,1839,379,High,v1,Approve
1840,1840,540,Low,v1,Approve
1841,1841,424,High,v2,Reject
1842,1842,821,Low,v1,Reject
1843,1843,611,High,v2,Approve
1844,1844,544,Medium,v2,Approve
1845,1845,344,Medium,v1,Approve
1846,1846,422,Medium,v1,Reject
1847,1847,346,High,v2,Reject
1848,1848,494,High,v2,Reject
1849,1849,664,Low,v2,Reject
1850,1850,733,Medium,v1,Approve
1851,1851,826,Medium,v2,Reject
1852,1852,737,High,v1,Approve
1853,1853,611,High,v1,Approve
1854,1854,324,Low,v1,Approve
1855,1855,438,High,v2,Approve
1856,1856,705,Low,v2,Reject
1857,1857,588,High,v1,Approve
1858,1858,605,Low,v2,Approve
1859,1859,442,High,v1,Reject
1860,1860,782,Low,v2,Approve
1861,1861,644,Low,v2,Approve
1862,1862,733,Low,v2,Approve
1863,1863,693,Low,v2,Reject
1864,1864,806,Low,v2,Reject
1865,1865,379,High,v1,Reject
1866,1866,542,Low,v1,Approve
1867,1867,564,Low,v1,Approve
1868,1868,769,Medium,v2,Approve
1869,1869,569,High,v1,Approve
1870,1870,479,High,v2,Reject
1871,1871,591,Low,v1,Reject
1872,1872,449,Medium,v1,Reject
1873,1873,533,High,v2,Reject
1874,1874,797,Medium,v1,Reject
1875,1875,369,Low,v1,Reject
1876,1876,748,Medium,v1,Approve
1877,1877,594,Medium,v2,Reject
1878,1878,519,High,v2,Reject
1879,1879,444,Low,v2,Reject
1880,1880,573,Low,v2,Reject
1881,1881,540,Medium,v2,Reject
1882,1882,724,Medium,v1,Approve
1883,1883,524,Medium,v2,Reject
1884,1884,787,Medium,v2,Approve
1885,1885,477,Medium,v2,Reject
1886,1886,819,Medium,v1,Approve
1887,1887,375,Medium,v1,Approve
1888,1888,837,Low,v2,Reject
1889,1889,775,High,v1,Approve
1890,1890,838,High,v1,Reject
1891,1891,439,High,v1,Approve
1892,1892,634,Low,v1,Reject
1893,1893,555,High,v1,Reject
1894,1894,732,Low,v2,Approve
1895,1895,345,Medium,v1,Reject
1896,1896,712,Medium,v1,Approve
1897,1897,562,Medium,v1,Approve
1898,1898,399,Low,v2,Approve
1899,1899,480,Medium,v2,Approve
1900,1900,595,High,v2,Approve
1901,1901,642,Medium,v2,Approve
1902,1902,825,Medium,v2,Reject
1903,1903,404,High,v1,Reject
1904,1904,768,Medium,v2,Reject
1905,1905,737,Medium,v1,Reject
1906,1906,802,Medium,v2,Approve
1907,1907,336,Low,v2,Reject
1908,1908,301,High,v2,Approve
1909,1909,363,High,v1,Reject
1910,1910,781,Low,v2,Reject
1911,1911,335,High,v2,Approve
1912,1912,457,High,v1,Reject
1913,1913,634,Medium,v1,Reject
1914,1914,569,Low,v1,Approve
1915,1915,417,Low,v1,Reject
1916,1916,823,High,v1,Reject
1917,1917,697,High,v2,Reject
1918,1918,719,Medium,v2,Reject
1919,1919,493,Medium,v1,Reject
1920,1920,752,Low,v1,Approve
1921,1921,746,Low,v2,Approve
1922,1922,323,Low,v1,Approve
1923,1923,347,Medium,v2,Approve
1924,1924,414,Medium,v2,Reject
1925,1925,474,Low,v1,Reject
1926,1926,523,Low,v1,Approve
1927,1927,702,High,v2,Reject
1928,1928,720,High,v1,Reject
1929,1929,563,High,v2,Reject
1930,1930,503,Low,v2,Approve
1931,1931,744,Medium,v1,Reject
1932,1932,500,Low,v2,Approve
1933,1933,455,Medium,v1,Approve
1934,1934,471,Medium,v1,Reject
1935,1935,818,High,v1,Reject
1936,1936,840,High,v1,Approve
1937,1937,650,Low,v1,Approve
1938,1938,437,Medium,v2,Reject
1939,1939,820,High,v2,Reject
1940,1940,359,Low,v2,Approve
1941,1941,362,High,v1,Reject
1942,1942,313,High,v1,Approve
1943,1943,544,Medium,v1,Reject
1944,1944,369,High,v1,Approve
1945,1945,836,Medium,v1,Approve
1946,1946,751,High,v1,Reject
1947,1947,380,High,v1,Approve
1948,1948,532,Low,v2,Reject
1949,1949,709,Medium,v2,Reject
1950,1950,561,Low,v2,Approve
1951,1951,398,Medium,v1,Approve
1952,1952,512,Medium,v1,Reject
1953,1953,750,Low,v2,Reject
1954,1954,715,Medium,v1,Reject
1955,1955,748,High,v2,Approve
1956,1956,823,Medium,v2,Approve
1957,1957,837,Low,v1,Reject
1958,1958,543,High,v1,Reject
1959,1959,429,Low,v1,Approve
1960,1960,577,High,v2,Approve
1961,1961,308,Medium,v2,Reject
1962,1962,389,Medium,v1,Approve
1963,1963,625,Medium,v1,Approve
1964,1964,580,Medium,v2,Reject
1965,1965,703,Low,v2,Reject
1966,1966,369,High,v1,Approve
1967,1967,760,Low,v2,Reject
1968,1968,533,Low,v2,Reject
1969,1969,607,Medium,v1,Approve
1970,1970,585,Low,v1,Approve
1971,1971,429,High,v1,Approve
1972,1972,500,Low,v1,Approve
1973,1973,562,High,v2,Reject
1974,1974,651,Medium,v1,Reject
1975,1975,388,Low,v2,Approve
1976,1976,667,Low,v2,Approve
1977,1977,353,Medium,v2,Approve
1978,1978,786,Medium,v1,Reject
1979,1979,673,Medium,v1,Reject
1980,1980,496,Medium,v2,Reject
1981,1981,636,Medium,v1,Reject
1982,1982,354,High,v1,Approve
1983,1983,801,High,v1,Approve
1984,1984,589,Medium,v2,Reject
1985,1985,727,Low,v2,Approve
1986,1986,511,High,v1,Reject
1987,1987,636,Low,v2,Approve
1988,1988,848,Medium,v1,Approve
1989,1989,538,High,v1,Reject
1990,1990,738,Medium,v2,Reject
1991,1991,718,High,v2,Approve
1992,1992,342,High,v1,Reject
1993,1993,575,Low,v1,Reject
1994,1994,524,Low,v1,Reject
1995,1995,604,Low,v1,Approve
1996,1996,563,Low,v2,Reject
1997,1997,395,High,v2,Reject
1998,1998,334,Medium,v2,Reject
1999,1999,357,Medium,v2,Approve
2000,2000,546,Medium,v1,Reject
2001,2001,707,Medium,v1,Reject
2002,2002,397,Medium,v1,Reject
2003,2003,627,Low,v2,Reject
2004,2004,772,High,v2,Reject
2005,2005,444,High,v2,Reject
2006,2006,731,High,v2,Reject
2007,2007,394,Medium,v2,Approve
2008,2008,558,Low,v2,Reject
2009,2009,687,Low,v2,Approve
2010,2010,579,Medium,v2,Reject
2011,2011,654,High,v1,Approve
2012,2012,379,Low,v2,Reject
2013,2013,575,High,v2,Approve
2014,2014,666,Medium,v1,Reject
2015,2015,502,Low,v1,Approve
2016,2016,536,Low,v2,Reject
2017,2017,391,Medium,v1,Approve
2018,2018,358,Medium,v2,Approve
2019,2019,470,High,v1,Reject
2020,2020,764,Medium,v2,Reject
2021,2021,315,Medium,v2,Approve
2022,2022,824,High,v1,Reject
2023,2023,822,High,v2,Approve
2024,2024,455,High,v2,Reject
2025,2025,632,Medium,v1,Approve
2026,2026,567,High,v2,Reject
2027,2027,640,High,v2,Reject
2028,2028,624,High,v1,Approve
2029,2029,714,Low,v2,Reject
2030,2030,338,High,v2,Reject
2031,2031,542,Low,v1,Approve
2032,2032,764,Medium,v2,Reject
2033,2033,485,Medium,v2,Reject
2034,2034,377,High,v2,Reject
2035,2035,539,Low,v1,Reject
2036,2036,327,Low,v1,Approve
2037,2037,498,High,v1,Reject
2038,2038,653,Medium,v2,Approve
2039,2039,316,High,v2,Approve
2040,2040,815,High,v1,Approve
2041,2041,784,High,v2,Reject
2042,2042,722,High,v1,Approve
2043,2043,312,Medium,v2,Reject
2044,2044,508,Low,v2,Approve
2045,2045,729,Medium,v2,Approve
2046,2046,308,High,v1,Reject
2047,2047,363,High,v1,Approve
2048,2048,572,Low,v2,Approve
2049,2049,667,Medium,v1,Approve
2050,2050,530,Medium,v1,Reject
2051,2051,424,Medium,v1,Reject
2052,2052,600,Medium,v2,Approve
2053,2053,430,Medium,v2,Approve
2054,2054,300,Low,v2,Reject
2055,2055,430,Low,v1,Approve
2056,2056,347,Medium,v2,Reject
2057,2057,819,Low,v2,Reject
2058,2058,815,High,v2,Reject
2059,2059,744,Low,v2,Reject
2060,2060,543,Low,v1,Approve
2061,2061,666,Low,v1,Approve
2062,2062,796,High,v2,Reject
2063,2063,592,High,v2,Approve
2064,2064,308,High,v2,Approve
2065,2065,734,Low,v2,Reject
2066,2066,499,Medium,v2,Approve
2067,2067,784,Medium,v1,Reject
2068,2068,481,High,v2,Approve
2069,2069,675,Medium,v2,Approve
2070,2070,809,Low,v1,Reject
2071,2071,576,Medium,v1,Approve
2072,2072,802,Low,v1,Approve
2073,2073,649,Medium,v2,Reject
2074,2074,751,Low,v2,Approve
2075,2075,358,Low,v1,Approve
2076,2076,556,High,v1,Approve
2077,2077,586,High,v2,Approve
2078,2078,584,Medium,v2,Reject
2079,2079,630,Low,v1,Approve
2080,2080,555,Medium,v1,Reject
2081,2081,421,High,v1,Approve
2082,2082,548,Medium,v1,Reject
2083,2083,547,High,v2,Reject
2084,2084,802,Medium,v1,Reject
2085,2085,522,Low,v1,Approve
2086,2086,694,Medium,v1,Approve
2087,2087,497,Medium,v1,Reject
2088,2088,779,Medium,v1,Approve
2089,2089,828,Medium,v1,Approve
2090,2090,359,Low,v2,Reject
2091,2091,635,High,v1,Reject
2092,2092,626,Medium,v1,Reject
2093,2093,639,Low,v1,Reject
2094,2094,407,Low,v1,Approve
2095,2095,608,Medium,v2,Approve
2096,2096,330,Low,v1,Approve
2097,2097,392,Low,v2,Reject
2098,2098,645,High,v2,Reject
2099,2099,810,High,v1,Reject
2100,2100,536,Low,v2,Reject
2101,2101,651,Low,v1,Approve
2102,2102,692,Low,v1,Approve
2103,2103,403,High,v1,Reject
2104,2104,448,Medium,v1,Reject
2105,2105,532,Medium,v1,Reject
2106,2106,742,Low,v2,Reject
2107,2107,588,Low,v2,Reject
2108,2108,666,Low,v1,Reject
2109,2109,516,Low,v1,Reject
2110,2110,584,Low,v2,Approve
2111,2111,564,Low,v1,Reject
2112,2112,399,Medium,v1,Reject
2113,2113,672,Medium,v1,Reject
2114,2114,458,Medium,v2,Approve
2115,2115,751,Medium,v1,Reject
2116,2116,769,Medium,v1,Reject
2117,2117,792,Medium,v1,Reject
2118,2118,442,High,v2,Reject
2119,2119,358,High,v2,Reject
2120,2120,455,Low,v1,Reject
2121,2121,316,Low,v1,Approve
2122,2122,494,High,v1,Approve
2123,2123,401,High,v1,Approve
2124,2124,451,High,v1,Approve
2125,2125,536,Low,v2,Approve
2126,2126,406,Medium,v1,Reject
2127,2127,481,Low,v2,Approve
2128,2128,702,Medium,v2,Approve
2129,2129,514,Medium,v2,Approve
2130,2130,623,High,v2,Approve
2131,2131,528,Low,v2,Approve
2132,2132,399,Low,v1,Approve
2133,2133,823,High,v2,Approve
2134,2134,821,High,v2,Reject
2135,2135,331,Low,v2,Approve
2136,2136,422,Medium,v1,Approve
2137,2137,593,Low,v1,Approve
2138,2138,829,Medium,v2,Approve
2139,2139,848,High,v2,Reject
2140,2140,694,Low,v2,Approve
2141,2141,763,Low,v1,Approve
2142,2142,524,Medium,v2,Approve
2143,2143,421,Medium,v1,Reject
2144,2144,810,Medium,v1,Approve
2145,2145,491,Low,v1,Approve
2146,2146,831,Low,v2,Approve
2147,2147,462,Low,v2,Approve
2148,2148,641,Low,v1,Approve
2149,2149,378,Medium,v1,Approve
2150,2150,648,High,v1,Reject
2151,2151,640,Low,v1,Approve
2152,2152,511,Medium,v1,Reject
2153,2153,474,Low,v2,Approve
2154,2154,705,Low,v1,Approve
2155,2155,368,High,v2,Reject
2156,2156,458,Medium,v1,Reject
2157,2157,408,High,v1,Reject
2158,2158,683,Medium,v1,Approve
2159,2159,377,High,v1,Reject
2160,2160,559,Medium,v1,Approve
2161,2161,428,High,v1,Approve
2162,2162,481,High,v2,Reject
2163,2163,635,Medium,v1,Approve
2164,2164,758,Medium,v1,Reject
2165,2165,616,Low,v2,Reject
2166,2166,673,Low,v2,Reject
2167,2167,596,Medium,v2,Approve
2168,2168,680,Medium,v2,Approve
2169,2169,747,Medium,v2,Approve
2170,2170,512,High,v1,Reject
2171,2171,356,Medium,v2,Approve
2172,2172,516,Low,v1,Approve
2173,2173,719,Medium,v2,Reject
2174,2174,388,High,v2,Approve
2175,2175,433,Low,v1,Approve
2176,2176,807,High,v1,Reject
2177,2177,377,Medium,v2,Reject
2178,2178,834,High,v2,Approve
2179,2179,316,Low,v1,Reject
2180,2180,755,Medium,v2,Reject
2181,2181,635,Low,v1,Approve
2182,2182,559,Low,v2,Approve
2183,2183,556,High,v2,Reject
2184,2184,845,High,v1,Approve
2185,2185,664,Medium,v1,Reject
2186,2186,687,Medium,v1,Approve
2187,2187,559,Low,v1,Reject
2188,2188,609,Medium,v2,Reject
2189,2189,742,Low,v2,Approve
2190,2190,725,Low,v1,Reject
2191,2191,418,Medium,v1,Reject
2192,2192,454,Medium,v2,Approve
2193,2193,619,Medium,v2,Reject
2194,2194,598,Medium,v2,Reject
2195,2195,582,Medium,v2,Approve
2196,2196,576,High,v2,Approve
2197,2197,476,Medium,v1,Approve
2198,2198,464,Medium,v2,Reject
2199,2199,359,High,v1,Reject
2200,2200,343,High,v1,Approve
2201,2201,707,Low,v1,Approve
2202,2202,355,High,v2,Approve
2203,2203,645,High,v2,Approve
2204,2204,571,Low,v1,Reject
2205,2205,735,Medium,v2,Reject
2206,2206,333,Medium,v2,Approve
2207,2207,804,Low,v2,Reject
2208,2208,654,Low,v2,Reject
2209,2209,623,Medium,v2,Approve
2210,2210,781,Low,v1,Reject
2211,2211,302,Low,v2,Approve
2212,2212,790,Medium,v2,Approve
2213,2213,801,Low,v1,Approve
2214,2214,647,Medium,v2,Approve
2215,2215,558,Low,v1,Approve
2216,2216,548,Medium,v1,Approve
2217,2217,532,High,v2,Reject
2218,2218,413,High,v2,Reject
2219,2219,814,Medium,v1,Approve
2220,2220,548,Medium,v2,Reject
2221,2221,734,High,v2,Reject
2222,2222,801,High,v1,Reject
2223,2223,556,Low,v1,Approve
2224,2224,586,High,v1,Reject
2225,2225,316,Medium,v2,Approve
2226,2226,645,Medium,v1,Approve
2227,2227,793,Medium,v1,Reject
2228,2228,405,Low,v1,Reject
2229,2229,617,Low,v1,Approve
2230,2230,591,Medium,v1,Reject
2231,2231,617,Low,v1,Approve
2232,2232,669,High,v1,Reject
2233,2233,363,Medium,v1,Reject
2234,2234,422,Medium,v1,Reject
2235,2235,306,Medium,v2,Approve
2236,2236,840,Medium,v2,Approve
2237,2237,392,Low,v1,Approve
2238,2238,414,High,v1,Reject
2239,2239,849,High,v2,Reject
2240,2240,489,Medium,v2,Approve
2241,2241,668,High,v2,Approve
2242,2242,812,Medium,v2,Reject
2243,2243,395,Low,v2,Reject
2244,2244,776,High,v1,Reject
2245,2245,367,Medium,v1,Approve
2246,2246,409,High,v1,Reject
2247,2247,739,High,v2,Reject
2248,2248,317,High,v2,Approve
2249,2249,619,Medium,v2,Approve
2250,2250,423,High,v1,Reject
2251,2251,511,High,v1,Reject
2252,2252,657,Low,v1,Reject
2253,2253,416,Medium,v1,Reject
2254,2254,634,High,v2,Approve
2255,2255,315,High,v2,Reject
2256,2256,384,Medium,v2,Reject
2257,2257,714,High,v2,Approve
2258,2258,332,High,v1,Reject
2259,2259,351,Low,v2,Reject
2260,2260,574,Medium,v2,Reject
2261,2261,573,Low,v2,Approve
2262,2262,816,High,v2,Reject
2263,2263,444,High,v1,Reject
2264,2264,378,Medium,v2,Approve
2265,2265,566,Medium,v1,Reject
2266,2266,472,Low,v2,Reject
2267,2267,633,Medium,v2,Reject
2268,2268,629,High,v2,Approve
2269,2269,697,Medium,v1,Approve
2270,2270,795,Low,v1,Reject
2271,2271,731,Medium,v2,Reject
2272,2272,809,Medium,v1,Reject
2273,2273,360,Low,v1,Approve
2274,2274,799,Low,v2,Approve
2275,2275,554,High,v1,Reject
2276,2276,436,Low,v1,Approve
2277,2277,532,Low,v2,Approve
2278,2278,650,Medium,v1,Approve
2279,2279,738,Low,v1,Approve
2280,2280,597,Medium,v1,Approve
2281,2281,757,Medium,v1,Reject
2282,2282,717,Low,v1,Approve
2283,2283,369,Medium,v2,Approve
2284,2284,711,Low,v1,Approve
2285,2285,660,Medium,v1,Reject
2286,2286,822,Medium,v1,Reject
2287,2287,750,High,v2,Approve
2288,2288,775,Medium,v1,Approve
2289,2289,573,Low,v1,Reject
2290,2290,423,Low,v2,Approve
2291,2291,759,High,v1,Approve
2292,2292,825,Low,v2,Approve
2293,2293,343,Medium,v2,Approve
2294,2294,553,Medium,v1,Approve
2295,2295,729,High,v1,Reject
2296,2296,658,Medium,v2,Reject
2297,2297,692,Low,v2,Approve
2298,2298,599,Low,v2,Reject
2299,2299,408,Low,v1,Reject
2300,2300,820,Low,v2,Reject
2301,2301,653,Medium,v1,Reject
2302,2302,672,Medium,v1,Approve
2303,2303,537,High,v2,Approve
2304,2304,568,High,v1,Approve
2305,2305,673,High,v2,Approve
2306,2306,796,Medium,v1,Reject
2307,2307,837,Medium,v1,Reject
2308,2308,696,Low,v2,Approve
2309,2309,410,Low,v1,Reject
2310,2310,517,Low,v2,Reject
2311,2311,783,High,v2,Reject
2312,2312,774,High,v2,Reject
2313,2313,543,Low,v2,Approve
2314,2314,322,High,v2,Approve
2315,2315,709,Low,v2,Approve
2316,2316,828,High,v2,Reject
2317,2317,575,Low,v1,Approve
2318,2318,371,High,v1,Reject
2319,2319,790,High,v2,Approve
2320,2320,768,Low,v1,Reject
2321,2321,606,High,v1,Approve
2322,2322,757,Low,v1,Approve
2323,2323,637,Medium,v2,Approve
2324,2324,497,Low,v2,Approve
2325,2325,365,Low,v1,Approve
2326,2326,500,Low,v2,Approve
2327,2327,715,High,v1,Reject
2328,2328,703,High,v2,Reject
2329,2329,808,Low,v1,Approve
2330,2330,372,High,v2,Reject
2331,2331,487,Medium,v2,Reject
2332,2332,439,Low,v1,Reject
2333,2333,345,Medium,v1,Approve
2334,2334,822,High,v2,Approve
2335,2335,735,Medium,v2,Reject
2336,2336,545,Medium,v2,Approve
2337,2337,679,High,v2,Approve
2338,2338,607,High,v1,Approve
2339,2339,468,High,v1,Reject
2340,2340,606,High,v1,Approve
2341,2341,383,High,v1,Reject
2342,2342,609,Low,v1,Approve
2343,2343,649,Medium,v1,Reject
2344,2344,382,Medium,v1,Approve
2345,2345,773,Low,v2,Approve
2346,2346,634,Low,v2,Approve
2347,2347,788,Medium,v1,Reject
2348,2348,586,High,v1,Reject
2349,2349,761,High,v2,Approve
2350,2350,510,Medium,v2,Reject
2351,2351,350,Medium,v2,Approve
2352,2352,517,Medium,v2,Approve
2353,2353,452,High,v2,Reject
2354,2354,544,Low,v1,Reject
2355,2355,387,Low,v1,Reject
2356,2356,419,Low,v1,Approve
2357,2357,532,Low,v2,Approve
2358,2358,325,High,v1,Approve
2359,2359,511,Medium,v2,Approve
2360,2360,818,Low,v1,Approve
2361,2361,431,Low,v1,Approve
2362,2362,690,Medium,v1,Reject
2363,2363,342,Medium,v1,Approve
2364,2364,522,High,v1,Approve
2365,2365,784,High,v1,Approve
2366,2366,456,Low,v2,Reject
2367,2367,639,High,v2,Reject
2368,2368,429,Low,v1,Approve
2369,2369,790,High,v1,Reject
2370,2370,826,Low,v2,Reject
2371,2371,646,High,v2,Approve
2372,2372,844,Low,v2,Approve
2373,2373,769,High,v1,Approve
2374,2374,450,Medium,v1,Approve
2375,2375,304,Medium,v1,Approve
2376,2376,517,High,v1,Reject
2377,2377,640,Low,v1,Reject
2378,2378,542,High,v2,Approve
2379,2379,404,Medium,v1,Reject
2380,2380,573,Medium,v1,Reject
2381,2381,517,High,v1,Reject
2382,2382,770,High,v1,Reject
2383,2383,841,Medium,v2,Reject
2384,2384,427,High,v2,Reject
2385,2385,759,High,v2,Reject
2386,2386,399,Low,v1,Approve
2387,2387,300,Medium,v2,Reject
2388,2388,719,High,v1,Reject
2389,2389,419,Low,v2,Reject
2390,2390,423,Medium,v1,Approve
2391,2391,661,Medium,v2,Approve
2392,2392,574,High,v1,Approve
2393,2393,813,Low,v2,Reject
2394,2394,604,Medium,v2,Reject
2395,2395,651,High,v2,Approve
2396,2396,717,High,v1,Reject
2397,2397,641,High,v1,Approve
2398,2398,518,Medium,v1,Approve
2399,2399,751,Medium,v1,Approve
2400,2400,506,Medium,v2,Reject
2401,2401,602,Low,v2,Reject
2402,2402,383,High,v1,Reject
2403,2403,664,Medium,v1,Approve
2404,2404,317,High,v2,Approve
2405,2405,498,Medium,v2,Reject
2406,2406,682,High,v2,Approve
2407,2407,504,Medium,v1,Approve
2408,2408,467,High,v1,Approve
2409,2409,365,High,v1,Approve
2410,2410,404,Low,v2,Reject
2411,2411,738,Medium,v2,Approve
2412,2412,849,High,v1,Reject
2413,2413,393,Low,v1,Reject
2414,2414,382,Medium,v1,Reject
2415,2415,821,Low,v2,Approve
2416,2416,503,Low,v2,Approve
2417,2417,315,Medium,v2,Approve
2418,2418,688,Low,v2,Reject
2419,2419,752,Low,v2,Reject
2420,2420,345,High,v2,Reject
2421,2421,747,High,v2,Reject
2422,2422,395,Medium,v2,Reject
2423,2423,455,Medium,v1,Approve
2424,2424,587,High,v1,Reject
2425,2425,416,Low,v2,Approve
2426,2426,611,Medium,v2,Approve
2427,2427,377,Medium,v2,Reject
2428,2428,316,Medium,v1,Approve
2429,2429,675,Medium,v2,Reject
2430,2430,748,High,v1,Approve
2431,2431,812,Low,v1,Reject
2432,2432,623,Low,v1,Approve
2433,2433,791,High,v2,Approve
2434,2434,399,High,v1,Reject
2435,2435,787,Medium,v2,Approve
2436,2436,456,High,v2,Reject
2437,2437,346,Low,v1,Approve
2438,2438,647,Low,v1,Approve
2439,2439,478,High,v1,Approve
2440,2440,781,High,v2,Approve
2441,2441,776,Low,v2,Approve
2442,2442,796,High,v2,Reject
2443,2443,604,High,v1,Reject
2444,2444,520,High,v1,Approve
2445,2445,578,High,v1,Approve
2446,2446,394,High,v2,Reject
2447,2447,846,Medium,v1,Reject
2448,2448,400,Low,v1,Reject
2449,2449,776,Medium,v1,Approve
2450,2450,636,Low,v1,Reject
2451,2451,737,High,v1,Reject
2452,2452,800,High,v2,Reject
2453,2453,845,Medium,v1,Reject
2454,2454,389,Low,v2,Reject
2455,2455,645,Medium,v2,Reject
2456,2456,646,Low,v1,Reject
2457,2457,748,High,v1,Approve
2458,2458,331,High,v1,Approve
2459,2459,626,Medium,v2,Reject
2460,2460,556,Low,v1,Approve
2461,2461,847,High,v1,Approve
2462,2462,672,High,v1,Reject
2463,2463,590,High,v2,Reject
2464,2464,463,High,v1,Approve
2465,2465,534,High,v2,Approve
2466,2466,843,Medium,v2,Reject
2467,2467,363,Medium,v2,Reject
2468,2468,580,Medium,v2,Approve
2469,2469,302,Medium,v2,Approve
2470,2470,564,Low,v1,Reject
2471,2471,699,High,v1,Approve
2472,2472,848,Low,v2,Approve
2473,2473,368,High,v1,Approve
2474,2474,309,Medium,v2,Reject
2475,2475,304,Medium,v1,Reject
2476,2476,667,Low,v1,Approve
2477,2477,517,Medium,v1,Approve
2478,2478,333,High,v1,Approve
2479,2479,403,Medium,v1,Approve
2480,2480,470,Medium,v2,Approve
2481,2481,479,High,v2,Approve
2482,2482,441,High,v1,Approve
2483,2483,773,Low,v1,Reject
2484,2484,849,High,v1,Approve
2485,2485,592,Low,v1,Approve
2486,2486,591,Medium,v1,Reject
2487,2487,727,Low,v2,Approve
2488,2488,314,High,v2,Reject
2489,2489,729,Low,v1,Reject
2490,2490,728,Low,v1,Approve
2491,2491,812,High,v2,Reject
2492,2492,608,High,v2,Approve
2493,2493,413,High,v2,Reject
2494,2494,558,High,v1,Approve
2495,2495,304,Medium,v2,Approve
2496,2496,826,High,v2,Reject
2497,2497,307,High,v2,Reject
2498,2498,793,Low,v2,Approve
2499,2499,645,Low,v1,Approve
2500,2500,802,Low,v2,Reject
2501,2501,773,Low,v2,Approve
2502,2502,346,High,v1,Approve
2503,2503,810,Low,v2,Reject
2504,2504,429,Low,v2,Reject
2505,2505,369,High,v2,Approve
2506,2506,521,Low,v1,Approve
2507,2507,497,Medium,v1,Approve
2508,2508,725,Medium,v1,Approve
2509,2509,513,High,v1,Reject
2510,2510,309,High,v1,Approve
2511,2511,668,High,v1,Approve
2512,2512,536,Medium,v2,Approve
2513,2513,324,Medium,v2,Approve
2514,2514,473,High,v2,Reject
2515,2515,549,High,v1,Approve
2516,2516,676,High,v2,Reject
2517,2517,743,Low,v2,Approve
2518,2518,457,High,v1,Reject
2519,2519,731,Medium,v1,Reject
2520,2520,382,Low,v1,Reject
2521,2521,836,Medium,v2,Approve
2522,2522,766,Medium,v2,Approve
2523,2523,676,Medium,v1,Approve
2524,2524,698,Low,v1,Approve
2525,2525,779,Medium,v1,Reject
2526,2526,477,High,v2,Reject
2527,2527,657,Medium,v2,Reject
2528,2528,579,Low,v2,Reject
2529,2529,393,Low,v2,Reject
2530,2530,847,Medium,v2,Reject
2531,2531,496,Medium,v2,Reject
2532,2532,674,Low,v1,Reject
2533,2533,479,Medium,v2,Reject
2534,2534,758,Medium,v2,Approve
2535,2535,733,Low,v1,Reject
2536,2536,774,Medium,v1,Approve
2537,2537,681,Medium,v2,Reject
2538,2538,500,Medium,v2,Approve
2539,2539,372,High,v2,Reject
2540,2540,696,High,v1,Reject
2541,2541,702,High,v2,Reject
2542,2542,779,Low,v1,Approve
2543,2543,485,Medium,v1,Approve
2544,2544,828,High,v1,Reject
2545,2545,675,High,v1,Approve
2546,2546,419,Medium,v2,Reject
2547,2547,796,Low,v2,Reject
2548,2548,492,Medium,v2,Approve
2549,2549,426,High,v2,Reject
2550,2550,407,High,v1,Approve
2551,2551,432,Medium,v1,Reject
2552,2552,794,Medium,v2,Reject
2553,2553,488,High,v1,Reject
2554,2554,593,Medium,v1,Approve
2555,2555,565,Medium,v1,Reject
2556,2556,545,Low,v1,Approve
2557,2557,324,High,v1,Reject
2558,2558,548,High,v2,Reject
2559,2559,595,High,v1,Reject
2560,2560,807,Medium,v2,Approve
2561,2561,842,Low,v1,Approve
2562,2562,710,Medium,v2,Approve
2563,2563,618,Low,v2,Reject
2564,2564,751,Medium,v1,Reject
2565,2565,672,Medium,v2,Approve
2566,2566,382,Medium,v2,Approve
2567,2567,660,High,v2,Reject
2568,2568,828,High,v1,Reject
2569,2569,769,High,v2,Reject
2570,2570,302,Medium,v1,Reject
2571,2571,798,Medium,v1,Reject
2572,2572,652,Medium,v2,Approve
2573,2573,417,High,v1,Approve
2574,2574,540,Low,v1,Reject
2575,2575,706,Medium,v2,Reject
2576,2576,374,Medium,v1,Reject
2577,2577,397,Low,v2,Reject
2578,2578,824,High,v1,Approve
2579,2579,752,High,v2,Reject
2580,2580,328,Medium,v2,Reject
2581,2581,378,Low,v1,Approve
2582,2582,397,Medium,v1,Reject
2583,2583,312,High,v2,Approve
2584,2584,443,Medium,v1,Reject
2585,2585,623,High,v1,Approve
2586,2586,436,Medium,v2,Reject
2587,2587,457,Medium,v2,Reject
2588,2588,666,High,v1,Approve
2589,2589,763,Medium,v2,Approve
2590,2590,656,Low,v1,Reject
2591,2591,332,High,v1,Approve
2592,2592,558,Low,v2,Reject
2593,2593,504,Medium,v2,Approve
2594,2594,679,Low,v2,Reject
2595,2595,766,Medium,v1,Approve
2596,2596,335,Low,v2,Reject
2597,2597,551,Medium,v1,Approve
2598,2598,646,Low,v2,Reject
2599,2599,314,Medium,v2,Approve
2600,2600,795,Low,v2,Reject
2601,2601,420,Low,v1,Reject
2602,2602,672,Medium,v1,Reject
2603,2603,703,High,v1,Approve
2604,2604,778,Low,v2,Approve
2605,2605,586,High,v1,Reject
2606,2606,312,Low,v1,Reject
2607,2607,417,Medium,v2,Approve
2608,2608,808,Medium,v1,Reject
2609,2609,817,High,v1,Approve
2610,2610,610,Medium,v1,Reject
2611,2611,439,High,v1,Approve
2612,2612,849,High,v1,Approve
2613,2613,714,Medium,v2,Approve
2614,2614,521,Medium,v1,Approve
2615,2615,728,Low,v1,Reject
2616,2616,798,High,v2,Approve
2617,2617,476,Low,v1,Approve
2618,2618,600,Medium,v1,Reject
2619,2619,710,Medium,v2,Reject
2620,2620,378,Medium,v2,Reject
2621,2621,310,Medium,v1,Approve
2622,2622,833,Medium,v1,Approve
2623,2623,441,Low,v2,Reject
2624,2624,573,Low,v1,Reject
2625,2625,601,High,v2,Reject
2626,2626,398,Medium,v2,Approve
2627,2627,420,High,v1,Reject
2628,2628,451,High,v2,Reject
2629,2629,379,High,v1,Reject
2630,2630,680,Medium,v2,Approve
2631,2631,537,Medium,v2,Approve
2632,2632,330,Medium,v2,Approve
2633,2633,562,Low,v2,Reject
2634,2634,834,Low,v1,Approve
2635,2635,648,Medium,v2,Reject
2636,2636,848,Medium,v2,Approve
2637,2637,356,Low,v1,Reject
2638,2638,312,High,v2,Approve
2639,2639,622,Low,v2,Reject
2640,2640,844,Low,v2,Reject
2641,2641,524,Low,v2,Reject
2642,2642,819,Medium,v1,Reject
2643,2643,550,High,v2,Approve
2644,2644,761,Low,v2,Approve
2645,2645,493,High,v2,Approve
2646,2646,491,Low,v2,Approve
2647,2647,334,Medium,v1,Approve
2648,2648,514,Medium,v1,Approve
2649,2649,500,High,v1,Approve
2650,2650,537,Medium,v2,Reject
2651,2651,566,Low,v1,Reject
2652,2652,416,High,v2,Reject
2653,2653,498,Medium,v2,Approve
2654,2654,840,High,v2,Approve
2655,2655,617,High,v1,Approve
2656,2656,738,High,v2,Reject
2657,2657,358,High,v1,Reject
2658,2658,783,Low,v1,Reject
2659,2659,356,High,v2,Approve
2660,2660,710,High,v2,Approve
2661,2661,679,Low,v2,Reject
2662,2662,842,High,v2,Reject
2663,2663,823,High,v2,Approve
2664,2664,629,High,v2,Approve
2665,2665,838,Low,v2,Reject
2666,2666,525,Low,v2,Reject
2667,2667,538,Medium,v1,Approve
2668,2668,444,High,v2,Approve
2669,2669,540,Medium,v2,Reject
2670,2670,422,Low,v1,Reject
2671,2671,327,Low,v1,Approve
2672,2672,341,Medium,v1,Reject
2673,2673,827,Low,v1,Reject
2674,2674,416,High,v2,Approve
2675,2675,354,High,v2,Approve
2676,2676,548,Medium,v1,Reject
2677,2677,561,Medium,v1,Approve
2678,2678,534,Low,v2,Approve
2679,2679,468,High,v1,Approve
2680,2680,381,Medium,v1,Reject
2681,2681,766,Low,v2,Approve
2682,2682,681,Low,v2,Reject
2683,2683,846,Medium,v1,Reject
2684,2684,677,High,v2,Reject
2685,2685,768,High,v1,Reject
2686,2686,764,Medium,v2,Approve
2687,2687,743,High,v2,Reject
2688,2688,327,Medium,v2,Approve
2689,2689,500,Medium,v2,Reject
2690,2690,368,Medium,v1,Reject
2691,2691,609,High,v2,Approve
2692,2692,728,High,v2,Approve
2693,2693,350,Medium,v1,Reject
2694,2694,671,High,v1,Approve
2695,2695,435,Medium,v1,Approve
2696,2696,455,Medium,v2,Reject
2697,2697,406,Low,v2,Reject
2698,2698,740,Low,v1,Approve
2699,2699,451,Medium,v1,Approve
2700,2700,736,High,v2,Approve
2701,2701,785,Low,v2,Reject
2702,2702,490,Low,v2,Approve
2703,2703,636,Low,v2,Approve
2704,2704,452,Low,v1,Approve
2705,2705,761,Medium,v1,Reject
2706,2706,475,Medium,v2,Approve
2707,2707,627,Low,v1,Approve
2708,2708,758,Medium,v1,Reject
2709,2709,458,Low,v1,Approve
2710,2710,619,Medium,v2,Approve
2711,2711,493,High,v1,Approve
2712,2712,347,High,v1,Reject
2713,2713,300,Low,v1,Reject
2714,2714,520,Medium,v1,Approve
2715,2715,493,Low,v2,Reject
2716,2716,337,Low,v1,Approve
2717,2717,436,Low,v1,Approve
2718,2718,585,High,v1,Approve
2719,2719,412,High,v2,Approve
2720,2720,311,Low,v1,Reject
2721,2721,680,High,v2,Reject
2722,2722,784,Low,v1,Reject
2723,2723,650,Low,v2,Reject
2724,2724,844,High,v1,Reject
2725,2725,828,High,v1,Approve
2726,2726,689,Medium,v2,Approve
2727,2727,336,Low,v2,Reject
2728,2728,349,High,v1,Approve
2729,2729,387,High,v2,Reject
2730,2730,371,Low,v1,Reject
2731,2731,554,High,v1,Reject
2732,2732,475,Low,v1,Reject
2733,2733,706,Low,v2,Approve
2734,2734,626,High,v1,Approve
2735,2735,386,Medium,v1,Approve
2736,2736,648,Medium,v1,Approve
2737,2737,631,Medium,v1,Approve
2738,2738,360,Low,v2,Reject
2739,2739,671,Low,v1,Reject
2740,2740,356,High,v1,Approve
2741,2741,691,Medium,v1,Reject
2742,2742,333,Low,v1,Approve
2743,2743,530,High,v1,Reject
2744,2744,335,Medium,v2,Reject
2745,2745,480,Medium,v1,Reject
2746,2746,631,Low,v1,Approve
2747,2747,580,High,v1,Reject
2748,2748,576,Low,v2,Reject
2749,2749,758,High,v1,Reject
2750,2750,611,Medium,v2,Reject
2751,2751,791,Low,v1,Approve
2752,2752,463,Low,v2,Reject
2753,2753,583,High,v2,Approve
2754,2754,566,High,v2,Approve
2755,2755,832,Low,v1,Reject
2756,2756,436,High,v2,Approve
2757,2757,753,High,v2,Reject
2758,2758,392,Medium,v2,Reject
2759,2759,448,Medium,v2,Approve
2760,2760,597,Medium,v1,Reject
2761,2761,408,Medium,v1,Approve
2762,2762,438,Low,v1,Approve
2763,2763,768,Medium,v1,Approve
2764,2764,491,Medium,v1,Reject
2765,2765,445,Low,v2,Approve
2766,2766,685,Low,v1,Reject
2767,2767,577,High,v1,Reject
2768,2768,561,Medium,v2,Reject
2769,2769,561,Low,v2,Approve
2770,2770,494,Medium,v2,Reject
2771,2771,715,High,v2,Reject
2772,2772,328,Low,v2,Approve
2773,2773,376,High,v2,Approve
2774,2774,534,High,v2,Approve
2775,2775,802,Medium,v2,Reject
2776,2776,378,Low,v1,Reject
2777,2777,392,High,v2,Reject
2778,2778,605,Low,v1,Approve
2779,2779,746,Medium,v1,Reject
2780,2780,322,Medium,v2,Approve
2781,2781,625,Medium,v1,Approve
2782,2782,799,High,v1,Reject
2783,2783,532,Low,v2,Reject
2784,2784,548,High,v1,Reject
2785,2785,400,High,v2,Approve
2786,2786,605,High,v1,Approve
2787,2787,515,High,v1,Reject
2788,2788,571,Low,v1,Approve
2789,2789,566,Medium,v1,Approve
2790,2790,550,Low,v2,Approve
2791,2791,412,Medium,v2,Approve
2792,2792,529,Low,v2,Reject
2793,2793,789,Low,v2,Reject
2794,2794,367,High,v1,Approve
2795,2795,314,Medium,v2,Approve
2796,2796,819,Low,v1,Approve
2797,2797,555,Low,v2,Approve
2798,2798,551,Low,v2,Approve
2799,2799,742,Low,v1,Reject
2800,2800,802,High,v2,Reject
2801,2801,634,High,v2,Reject
2802,2802,401,High,v1,Reject
2803,2803,608,Medium,v1,Reject
2804,2804,614,Medium,v1,Reject
2805,2805,625,Low,v2,Approve
2806,2806,385,High,v2,Approve
2807,2807,487,Medium,v1,Reject
2808,2808,639,Medium,v1,Reject
2809,2809,616,Medium,v1,Reject
2810,2810,652,Low,v1,Reject
2811,2811,594,High,v2,Reject
2812,2812,513,High,v2,Approve
2813,2813,570,Medium,v1,Reject
2814,2814,372,Low,v2,Reject
2815,2815,334,Low,v1,Approve
2816,2816,679,High,v1,Reject
2817,2817,758,Low,v1,Reject
2818,2818,417,Low,v2,Approve
2819,2819,649,Low,v1,Reject
2820,2820,832,Medium,v2,Reject
2821,2821,825,Low,v2,Approve
2822,2822,317,High,v2,Reject
2823,2823,714,High,v2,Reject
2824,2824,354,Low,v2,Reject
2825,2825,807,High,v2,Reject
2826,2826,336,High,v2,Approve
2827,2827,312,Low,v2,Approve
2828,2828,409,Low,v2,Approve
2829,2829,400,Medium,v1,Reject
2830,2830,427,Low,v1,Reject
2831,2831,340,Medium,v1,Approve
2832,2832,612,High,v1,Approve
2833,2833,479,Medium,v2,Approve
2834,2834,530,High,v1,Reject
2835,2835,370,Low,v1,Reject
2836,2836,789,Low,v2,Approve
2837,2837,770,Low,v1,Reject
2838,2838,698,Medium,v1,Reject
2839,2839,828,High,v2,Reject
2840,2840,636,High,v2,Approve
2841,2841,601,Low,v2,Reject
2842,2842,336,Low,v2,Reject
2843,2843,699,High,v1,Reject
2844,2844,419,High,v1,Approve
2845,2845,604,High,v1,Reject
2846,2846,308,Low,v1,Approve
2847,2847,619,Medium,v2,Reject
2848,2848,457,High,v2,Approve
2849,2849,650,Medium,v2,Reject
2850,2850,604,Low,v1,Approve
2851,2851,745,Medium,v2,Approve
2852,2852,796,Medium,v2,Approve
2853,2853,644,High,v1,Approve
2854,2854,526,Low,v1,Reject
2855,2855,417,High,v1,Reject
2856,2856,703,High,v1,Approve
2857,2857,444,High,v2,Reject
2858,2858,311,High,v2,Approve
2859,2859,669,High,v2,Approve
2860,2860,502,High,v2,Approve
2861,2861,307,Medium,v1,Reject
2862,2862,647,High,v2,Reject
2863,2863,491,Low,v2,Reject
2864,2864,461,High,v1,Approve
2865,2865,514,High,v1,Approve
2866,2866,548,High,v2,Approve
2867,2867,665,Medium,v2,Approve
2868,2868,315,Low,v1,Approve
2869,2869,349,Medium,v1,Approve
2870,2870,754,Medium,v1,Approve
2871,2871,354,Low,v1,Approve
2872,2872,566,Medium,v1,Approve
2873,2873,571,Low,v1,Approve
2874,2874,563,Low,v2,Reject
2875,2875,744,Low,v2,Approve
2876,2876,845,High,v2,Approve
2877,2877,549,Low,v1,Reject
2878,2878,622,High,v1,Reject
2879,2879,688,High,v2,Reject
2880,2880,379,High,v1,Reject
2881,2881,340,Low,v2,Reject
2882,2882,471,Medium,v1,Reject
2883,2883,553,High,v1,Approve
2884,2884,794,Low,v1,Reject
2885,2885,639,Medium,v1,Reject
2886,2886,724,Low,v2,Approve
2887,2887,777,High,v1,Reject
2888,2888,671,High,v2,Approve
2889,2889,612,Low,v2,Approve
2890,2890,694,Low,v1,Approve
2891,2891,462,Low,v2,Approve
2892,2892,477,Low,v2,Reject
2893,2893,594,Medium,v2,Reject
2894,2894,332,Low,v1,Approve
2895,2895,487,High,v1,Reject
2896,2896,649,Low,v1,Approve
2897,2897,518,Low,v1,Approve
2898,2898,755,Medium,v1,Reject
2899,2899,434,High,v1,Approve
2900,2900,755,High,v1,Reject
2901,2901,692,High,v2,Approve
2902,2902,434,High,v2,Approve
2903,2903,781,Medium,v1,Approve
2904,2904,707,Low,v2,Approve
2905,2905,555,Medium,v2,Reject
2906,2906,632,Low,v1,Reject
2907,2907,329,Medium,v2,Approve
2908,2908,479,Low,v2,Approve
2909,2909,738,Low,v1,Reject
2910,2910,396,High,v1,Approve
2911,2911,809,Low,v1,Reject
2912,2912,606,High,v1,Approve
2913,2913,803,High,v1,Reject
2914,2914,709,High,v1,Approve
2915,2915,699,Medium,v1,Reject
2916,2916,826,Medium,v2,Approve
2917,2917,552,Low,v2,Reject
2918,2918,337,Low,v1,Reject
2919,2919,587,High,v2,Reject
2920,2920,538,Low,v1,Reject
2921,2921,461,Medium,v1,Reject
2922,2922,595,Low,v2,Approve
2923,2923,316,Medium,v2,Approve
2924,2924,555,High,v2,Reject
2925,2925,378,Medium,v1,Reject
2926,2926,520,High,v2,Approve
2927,2927,477,High,v1,Reject
2928,2928,564,High,v2,Approve
2929,2929,679,Medium,v1,Reject
2930,2930,397,Low,v2,Approve
2931,2931,659,Medium,v1,Approve
2932,2932,839,High,v2,Approve
2933,2933,376,Low,v1,Approve
2934,2934,348,High,v2,Approve
2935,2935,320,High,v2,Approve
2936,2936,727,Low,v1,Reject
2937,2937,759,Low,v1,Reject
2938,2938,540,Low,v1,Approve
2939,2939,606,Low,v2,Approve
2940,2940,540,Medium,v1,Approve
2941,2941,727,Medium,v2,Approve
2942,2942,633,High,v2,Approve
2943,2943,649,Medium,v1,Reject
2944,2944,677,Medium,v2,Approve
2945,2945,350,Medium,v1,Approve
2946,2946,549,Low,v1,Reject
2947,2947,565,High,v2,Approve
2948,2948,735,Low,v2,Reject
2949,2949,707,High,v2,Reject
2950,2950,673,Medium,v2,Reject
2951,2951,539,Low,v2,Approve
2952,2952,330,Low,v2,Reject
2953,2953,703,High,v1,Approve
2954,2954,361,Low,v1,Approve
2955,2955,417,Medium,v1,Approve
2956,2956,661,Medium,v2,Reject
2957,2957,617,High,v2,Reject
2958,2958,543,Low,v2,Approve
2959,2959,806,Low,v1,Reject
2960,2960,545,Low,v1,Reject
2961,2961,318,Low,v1,Approve
2962,2962,800,Medium,v2,Approve
2963,2963,832,Medium,v1,Reject
2964,2964,662,Medium,v1,Reject
2965,2965,483,Low,v1,Approve
2966,2966,627,Medium,v2,Approve
2967,2967,718,Low,v1,Reject
2968,2968,580,Low,v1,Reject
2969,2969,526,Medium,v1,Approve
2970,2970,631,Medium,v1,Reject
2971,2971,753,Low,v1,Reject
2972,2972,767,High,v1,Approve
2973,2973,447,Low,v2,Reject
2974,2974,334,Medium,v1,Reject
2975,2975,715,Medium,v1,Approve
2976,2976,795,Medium,v1,Reject
2977,2977,665,High,v1,Reject
2978,2978,411,Low,v1,Approve
2979,2979,388,Medium,v1,Reject
2980,2980,305,Low,v2,Reject
2981,2981,718,Medium,v2,Approve
2982,2982,537,High,v2,Reject
2983,2983,501,High,v2,Reject
2984,2984,665,Medium,v1,Reject
2985,2985,802,Medium,v2,Reject
2986,2986,755,Low,v1,Approve
2987,2987,798,Low,v1,Reject
2988,2988,529,High,v2,Reject
2989,2989,464,High,v2,Reject
2990,2990,723,Medium,v2,Approve
2991,2991,641,High,v2,Approve
2992,2992,774,Low,v2,Reject
2993,2993,375,Medium,v1,Reject
2994,2994,556,Low,v2,Approve
2995,2995,754,High,v2,Approve
2996,2996,782,High,v1,Approve
2997,2997,516,Low,v2,Reject
2998,2998,421,High,v2,Reject
2999,2999,321,High,v1,Approve
3000,3000,371,Medium,v1,Approve
